canonical_id,canonical_name,canonical_industry,canonical_country,canonical_signup_date,canonical_referral_source,canonical_plan,canonical_seats,canonical_is_trial,canonical_is_churn_account,canonical_revenue,canonical_arr,canonical_sub_plan,canonical_billing_frequency,canonical_upgrade,canonical_downgrade,canonical_is_churn_sub,total_uso,total_erros,erros_beta,uso_recente,uso_anterior,variacao_uso_pct,queda_uso_flag,dias_desde_ultimo_uso,total_tickets,media_resposta_minutos,total_escalados,satisfacao_media,dias_desde_ultimo_ticket,motivo_churn_mais_recente,eventos_churn,ja_reativou,taxa_erro,taxa_escalonamento,risco_score_regra,risco_nivel_regra,risco_score_modelo
A-2e4581,Company_0,EdTech,US,2024-10-16,partner,Basic,9,False,False,836,10032,Basic,monthly,False,False,False,535,38,4,13.0,38.0,-65.8,True,21,2.0,91.0,0.0,3.0,21.0,competitor,2.0,False,0.07102803738317758,0.0,51,Alto,28.4
A-43a9e3,Company_1,FinTech,IN,2023-08-17,other,Basic,18,False,True,882,10584,Pro,monthly,False,False,False,355,14,2,12.0,15.0,-20.0,False,2,3.0,73.33333333333333,0.0,4.0,188.0,,0.0,,0.03943661971830986,0.0,8,Baixo,59.5
A-0a282f,Company_2,DevTools,US,2024-08-27,organic,Basic,1,False,False,98,1176,Pro,annual,False,False,False,821,48,5,78.0,15.0,420.0,False,9,3.0,63.666666666666664,0.0,4.666666666666667,66.0,support,2.0,False,0.058465286236297195,0.0,20,Baixo,34.6
A-1f0ac7,Company_3,HealthTech,UK,2023-08-27,other,Basic,24,True,False,1176,14112,Pro,monthly,True,False,False,382,21,5,28.0,0.0,100.0,False,20,2.0,174.0,0.0,,263.0,support,1.0,False,0.0549738219895288,0.0,20,Baixo,30.2
A-ce550d,Company_4,HealthTech,US,2024-10-27,event,Enterprise,35,False,True,21691,260292,Enterprise,monthly,False,False,True,579,31,4,20.0,43.0,-53.5,True,8,7.0,107.85714285714286,1.0,3.8,67.0,budget,1.0,False,0.0535405872193437,0.14285714285714285,71,Alto,61.6
A-1b9609,Company_5,EdTech,IN,2023-10-12,ads,Enterprise,4,False,False,0,0,Enterprise,annual,False,False,False,457,21,6,0.0,17.0,-100.0,True,41,4.0,74.75,0.0,3.0,70.0,unknown,3.0,False,0.045951859956236324,0.0,55,Alto,23.3
A-a0ca4e,Company_6,Cybersecurity,US,2024-03-08,ads,Pro,11,False,False,5174,62088,Enterprise,monthly,False,False,False,373,14,3,16.0,6.0,166.7,False,14,6.0,89.83333333333333,3.0,3.8,29.0,,0.0,,0.03753351206434316,0.5,32,Médio,28.7
A-e5d6ab,Company_7,EdTech,US,2023-04-15,partner,Pro,3,False,False,1568,18816,Pro,annual,False,False,False,382,23,5,9.0,27.0,-66.7,True,29,3.0,57.0,0.0,,105.0,competitor,2.0,False,0.060209424083769635,0.0,55,Alto,29.1
A-7dacce,Company_8,Cybersecurity,CA,2024-09-10,event,Enterprise,12,False,True,0,0,Pro,annual,True,False,False,472,29,5,6.0,25.0,-76.0,True,2,4.0,75.25,0.0,3.6666666666666665,290.0,budget,3.0,False,0.0614406779661017,0.0,55,Alto,59.2
A-10b8da,Company_9,DevTools,US,2023-05-08,partner,Enterprise,14,False,True,1666,19992,Pro,monthly,False,False,False,257,14,2,22.0,0.0,100.0,False,8,3.0,71.33333333333333,0.0,3.5,465.0,,0.0,,0.054474708171206226,0.0,8,Baixo,60.4
A-592832,Company_10,Cybersecurity,US,2024-09-25,organic,Basic,18,False,True,882,10584,Pro,annual,False,False,False,1053,55,13,47.0,20.0,135.0,False,1,3.0,80.66666666666667,0.0,5.0,65.0,support,1.0,False,0.052231718898385564,0.0,20,Baixo,58.9
A-d40bf7,Company_11,FinTech,IN,2024-11-08,organic,Basic,59,False,False,1121,13452,Basic,monthly,False,False,False,562,22,5,0.0,37.0,-100.0,True,40,2.0,125.5,0.0,5.0,58.0,,0.0,,0.03914590747330961,0.0,55,Alto,20.7
A-6c093d,Company_12,DevTools,US,2023-04-14,partner,Basic,7,True,False,0,0,Enterprise,annual,False,False,False,670,30,10,66.0,10.0,560.0,False,1,3.0,68.33333333333333,1.0,5.0,173.0,,0.0,,0.04477611940298507,0.3333333333333333,40,Médio,29.6
A-462d45,Company_13,Cybersecurity,US,2024-01-15,partner,Enterprise,11,True,False,1470,17640,Pro,annual,False,False,False,642,26,8,9.0,32.0,-71.9,True,15,4.0,95.0,0.0,4.0,16.0,competitor,1.0,False,0.040498442367601244,0.0,55,Alto,31.0
A-956988,Company_14,EdTech,UK,2024-11-30,ads,Enterprise,1,False,False,6368,76416,Enterprise,annual,False,False,False,658,49,8,8.0,35.0,-77.1,True,7,2.0,118.0,0.0,3.0,39.0,unknown,2.0,True,0.07446808510638298,0.0,55,Alto,26.2
A-ac14bb,Company_15,FinTech,US,2023-09-08,partner,Enterprise,21,False,False,532,6384,Basic,annual,True,False,False,531,42,7,22.0,12.0,83.3,False,13,2.0,30.5,0.0,4.0,202.0,competitor,2.0,False,0.07909604519774012,0.0,20,Baixo,24.9
A-463db0,Company_16,HealthTech,US,2024-12-05,partner,Basic,15,False,False,735,8820,Pro,annual,False,False,False,367,13,3,18.0,28.0,-35.7,True,4,6.0,94.83333333333333,1.0,4.25,7.0,features,1.0,True,0.035422343324250684,0.16666666666666666,67,Alto,36.7
A-ce66f8,Company_17,EdTech,CA,2023-08-23,event,Pro,29,False,False,1421,17052,Pro,annual,False,False,False,494,19,6,16.0,29.0,-44.8,True,0,6.0,79.16666666666667,0.0,3.5,25.0,,0.0,,0.038461538461538464,0.0,55,Alto,37.3
A-c4ea60,Company_18,FinTech,DE,2023-03-09,other,Enterprise,18,False,True,3582,42984,Enterprise,monthly,False,False,False,427,18,9,29.0,0.0,100.0,False,20,5.0,59.0,0.0,3.6,222.0,,0.0,,0.04215456674473068,0.0,20,Baixo,60.6
A-832ec2,Company_19,FinTech,UK,2023-11-19,event,Enterprise,4,True,False,4378,52536,Enterprise,annual,True,False,False,511,25,6,9.0,18.0,-50.0,True,8,3.0,108.66666666666667,1.0,4.0,160.0,pricing,2.0,False,0.04892367906066536,0.3333333333333333,75,Crítico,51.2
A-684255,Company_20,FinTech,US,2024-04-14,ads,Enterprise,9,False,False,0,0,Basic,annual,False,True,True,653,44,15,12.0,15.0,-20.0,False,23,4.0,97.75,1.0,4.666666666666667,142.0,unknown,2.0,True,0.06738131699846861,0.25,40,Médio,27.6
A-c42f1f,Company_21,HealthTech,US,2024-07-28,other,Pro,8,False,False,152,1824,Basic,monthly,False,False,False,337,20,5,,,0.0,False,62,9.0,81.88888888888889,1.0,4.0,94.0,,0.0,,0.05934718100890208,0.1111111111111111,40,Médio,25.5
A-4e44e8,Company_22,DevTools,US,2024-08-20,ads,Enterprise,3,False,True,3383,40596,Enterprise,annual,False,False,False,687,37,8,0.0,33.0,-100.0,True,37,3.0,76.66666666666667,0.0,3.3333333333333335,107.0,budget,2.0,True,0.053857350800582245,0.0,55,Alto,58.9
A-30b4ca,Company_23,EdTech,IN,2024-05-20,organic,Basic,86,False,True,1634,19608,Basic,annual,False,False,False,402,22,10,10.0,11.0,-9.1,False,9,3.0,108.33333333333333,0.0,4.0,120.0,features,1.0,False,0.05472636815920398,0.0,20,Baixo,54.4
A-9f2731,Company_24,FinTech,IN,2024-10-04,event,Enterprise,1,False,False,0,0,Pro,annual,False,False,False,324,20,2,10.0,10.0,0.0,False,12,0.0,0.0,0.0,,999.0,unknown,2.0,False,0.06172839506172839,0.0,8,Baixo,35.1
A-32fb14,Company_25,DevTools,US,2023-03-07,event,Enterprise,26,False,True,5174,62088,Enterprise,annual,False,False,False,488,19,2,28.0,0.0,100.0,False,6,5.0,59.6,0.0,4.5,117.0,competitor,3.0,False,0.0389344262295082,0.0,8,Baixo,66.3
A-00cac8,Company_26,HealthTech,AU,2023-09-15,organic,Enterprise,8,True,False,931,11172,Pro,annual,False,True,False,602,31,7,28.0,0.0,100.0,False,7,2.0,120.5,0.0,,473.0,,0.0,,0.05149501661129568,0.0,20,Baixo,41.6
A-35083d,Company_27,HealthTech,IN,2023-04-28,partner,Basic,19,False,True,9751,117012,Enterprise,monthly,False,False,False,791,37,7,43.0,21.0,104.8,False,2,4.0,119.0,0.0,5.0,95.0,,0.0,,0.04677623261694058,0.0,20,Baixo,53.4
A-eb7fac,Company_28,DevTools,US,2023-10-28,organic,Enterprise,7,False,False,494,5928,Basic,monthly,False,False,False,538,44,6,10.0,28.0,-64.3,True,12,4.0,126.5,0.0,4.0,252.0,unknown,1.0,False,0.08178438661710037,0.0,55,Alto,23.2
A-b20d99,Company_29,HealthTech,IN,2023-09-27,other,Basic,20,False,False,3980,47760,Enterprise,monthly,True,False,False,329,12,5,,,0.0,False,99,2.0,27.0,0.0,3.5,511.0,features,1.0,False,0.0364741641337386,0.0,20,Baixo,23.7
A-396e5f,Company_30,Cybersecurity,CA,2024-10-02,other,Enterprise,2,False,False,1666,19992,Pro,monthly,False,False,False,540,23,5,43.0,26.0,65.4,False,6,5.0,102.8,1.0,4.0,21.0,features,1.0,False,0.04259259259259259,0.2,40,Médio,35.8
A-45ce7a,Company_31,FinTech,US,2023-07-23,ads,Enterprise,16,False,False,3184,38208,Enterprise,monthly,False,False,False,424,30,2,14.0,0.0,100.0,False,7,5.0,91.8,0.0,3.6666666666666665,17.0,,0.0,,0.07075471698113207,0.0,8,Baixo,33.4
A-08e34e,Company_32,EdTech,US,2024-06-27,event,Basic,14,False,True,2786,33432,Enterprise,monthly,False,False,False,651,32,7,36.0,13.0,176.9,False,1,3.0,84.0,0.0,3.0,169.0,features,2.0,False,0.04915514592933948,0.0,20,Baixo,57.8
A-8145a0,Company_33,Cybersecurity,AU,2023-04-25,partner,Basic,2,True,False,285,3420,Basic,monthly,False,False,False,693,27,5,36.0,5.0,620.0,False,5,6.0,90.16666666666667,0.0,4.0,66.0,features,1.0,False,0.03896103896103896,0.0,20,Baixo,27.0
A-bad8c1,Company_34,FinTech,AU,2023-03-01,organic,Basic,7,False,False,1813,21756,Pro,monthly,False,False,False,385,11,6,41.0,0.0,100.0,False,7,1.0,49.0,0.0,4.0,248.0,unknown,1.0,True,0.02857142857142857,0.0,20,Baixo,44.8
A-44dc83,Company_35,EdTech,FR,2024-05-12,other,Basic,5,False,False,0,0,Enterprise,annual,False,False,False,248,13,3,,,0.0,False,83,7.0,76.14285714285714,0.0,4.6,107.0,unknown,1.0,False,0.05241935483870968,0.0,12,Baixo,21.6
A-f446b6,Company_36,DevTools,DE,2023-05-12,ads,Pro,5,True,False,95,1140,Basic,annual,False,False,False,376,31,3,15.0,27.0,-44.4,True,17,8.0,82.5,1.0,4.25,36.0,,0.0,,0.08244680851063829,0.125,67,Alto,27.7
A-a45270,Company_37,HealthTech,US,2024-06-24,ads,Enterprise,3,False,False,0,0,Basic,annual,False,False,False,733,53,4,31.0,15.0,106.7,False,6,4.0,110.0,0.0,4.0,4.0,pricing,1.0,False,0.0723055934515689,0.0,16,Baixo,20.8
A-854864,Company_38,FinTech,IN,2024-12-07,event,Enterprise,20,False,False,980,11760,Pro,annual,False,False,False,248,10,4,17.0,0.0,100.0,False,16,5.0,100.8,0.0,4.8,166.0,support,1.0,False,0.04032258064516129,0.0,16,Baixo,32.5
A-1b7577,Company_39,Cybersecurity,US,2024-10-27,other,Pro,4,False,False,2009,24108,Pro,monthly,False,False,False,647,33,4,31.0,33.0,-6.1,False,11,5.0,109.4,0.0,4.0,214.0,,0.0,,0.05100463678516229,0.0,16,Baixo,37.0
A-05f0e5,Company_40,FinTech,US,2023-05-04,partner,Basic,32,False,False,2842,34104,Pro,annual,False,False,False,706,46,9,48.0,68.0,-29.4,False,1,4.0,108.5,0.0,4.0,89.0,features,2.0,False,0.06515580736543909,0.0,20,Baixo,30.5
A-9077b0,Company_41,HealthTech,US,2024-08-25,ads,Basic,2,False,False,0,0,Pro,monthly,False,False,True,493,31,5,0.0,27.0,-100.0,True,43,3.0,136.33333333333334,0.0,4.333333333333333,115.0,,0.0,,0.06288032454361055,0.0,55,Alto,21.0
A-7f8241,Company_42,EdTech,US,2023-03-14,organic,Pro,34,False,True,6766,81192,Enterprise,monthly,False,False,False,734,38,5,9.0,15.0,-40.0,True,10,1.0,135.0,0.0,3.0,256.0,,0.0,,0.051771117166212535,0.0,55,Alto,54.4
A-2bc93d,Company_43,HealthTech,US,2023-03-14,event,Basic,14,False,False,1715,20580,Pro,monthly,False,False,False,666,31,5,8.0,71.0,-88.7,True,24,2.0,78.0,0.0,4.5,38.0,competitor,2.0,True,0.046546546546546545,0.0,55,Alto,27.8
A-f3ff05,Company_44,FinTech,IN,2024-07-06,other,Enterprise,2,False,False,570,6840,Basic,monthly,False,False,False,672,36,4,12.0,12.0,0.0,False,0,3.0,111.33333333333333,0.0,3.5,380.0,unknown,1.0,False,0.05357142857142857,0.0,16,Baixo,37.9
A-2d4502,Company_45,FinTech,IN,2024-04-29,event,Basic,7,False,False,6766,81192,Enterprise,annual,False,False,False,465,19,7,7.0,0.0,100.0,False,24,3.0,82.0,0.0,5.0,243.0,pricing,1.0,False,0.04086021505376344,0.0,20,Baixo,28.7
A-6a4e2d,Company_46,EdTech,UK,2023-04-07,partner,Pro,9,False,False,686,8232,Pro,annual,True,False,True,597,31,3,35.0,18.0,94.4,False,7,2.0,141.0,1.0,4.5,107.0,budget,1.0,False,0.051926298157453935,0.5,32,Médio,39.1
A-eb7c38,Company_47,DevTools,AU,2024-02-25,organic,Enterprise,5,False,False,627,7524,Basic,annual,False,False,False,693,27,6,8.0,26.0,-69.2,True,16,5.0,67.4,0.0,4.333333333333333,170.0,budget,1.0,False,0.03896103896103896,0.0,55,Alto,46.1
A-c37601,Company_48,EdTech,US,2024-10-31,partner,Basic,6,True,False,10746,128952,Enterprise,monthly,False,False,False,489,21,3,10.0,9.0,11.1,False,24,4.0,83.0,0.0,3.6666666666666665,309.0,support,1.0,False,0.04294478527607362,0.0,12,Baixo,20.1
A-3b5cd1,Company_49,FinTech,US,2023-09-12,event,Basic,13,True,False,6368,76416,Enterprise,annual,False,False,False,523,24,5,31.0,37.0,-16.2,False,10,5.0,46.6,0.0,4.0,10.0,unknown,3.0,False,0.045889101338432124,0.0,20,Baixo,38.4
A-b2225d,Company_50,FinTech,US,2024-03-08,ads,Basic,47,False,True,893,10716,Basic,annual,False,False,False,696,60,5,14.0,49.0,-71.4,True,23,2.0,38.0,0.0,3.0,174.0,budget,3.0,True,0.08620689655172414,0.0,55,Alto,46.5
A-94f8c9,Company_51,HealthTech,US,2024-03-29,other,Basic,13,False,False,2587,31044,Enterprise,monthly,False,False,False,746,63,7,9.0,10.0,-10.0,False,28,3.0,87.66666666666667,0.0,5.0,123.0,budget,1.0,False,0.08445040214477212,0.0,20,Baixo,19.1
A-02fac6,Company_52,FinTech,US,2023-04-06,event,Pro,22,False,False,1078,12936,Pro,monthly,True,False,False,514,34,5,44.0,46.0,-4.3,False,4,6.0,100.5,0.0,4.0,227.0,support,1.0,False,0.06614785992217899,0.0,20,Baixo,34.0
A-c1dfe1,Company_53,DevTools,DE,2023-08-07,ads,Pro,26,False,False,494,5928,Basic,monthly,False,False,False,375,30,4,15.0,17.0,-11.8,False,8,3.0,93.66666666666667,0.0,4.0,176.0,features,2.0,False,0.08,0.0,16,Baixo,37.6
A-32728c,Company_54,DevTools,US,2023-01-03,event,Pro,20,False,True,798,9576,Basic,annual,False,False,False,418,22,6,28.0,0.0,100.0,False,17,2.0,61.5,0.0,3.5,661.0,budget,3.0,True,0.05263157894736842,0.0,20,Baixo,68.6
A-4c38bc,Company_55,HealthTech,UK,2024-03-09,event,Basic,36,False,True,1764,21168,Pro,annual,False,False,True,818,27,10,68.0,28.0,142.9,False,2,3.0,43.0,0.0,3.5,157.0,,0.0,,0.03300733496332518,0.0,20,Baixo,70.0
A-1b707d,Company_56,Cybersecurity,US,2023-07-14,organic,Enterprise,1,False,False,0,0,Basic,annual,False,False,False,399,12,3,9.0,37.0,-75.7,True,18,3.0,75.33333333333333,0.0,,74.0,competitor,1.0,True,0.03007518796992481,0.0,47,Médio,35.9
A-6f8ad2,Company_57,EdTech,IN,2024-07-09,organic,Basic,1,False,False,779,9348,Basic,annual,False,False,False,924,59,13,34.0,12.0,183.3,False,0,4.0,37.25,0.0,4.333333333333333,31.0,,0.0,,0.06385281385281386,0.0,20,Baixo,24.6
A-4d1e75,Company_58,DevTools,US,2024-08-21,other,Basic,20,False,False,0,0,Pro,monthly,False,False,False,477,25,5,10.0,0.0,100.0,False,16,2.0,98.5,0.0,4.0,174.0,budget,1.0,False,0.05241090146750524,0.0,20,Baixo,43.1
A-9ee962,Company_59,HealthTech,US,2023-02-28,ads,Basic,9,False,True,171,2052,Basic,annual,False,False,False,439,17,3,11.0,12.0,-8.3,False,6,3.0,69.66666666666667,0.0,4.0,219.0,support,1.0,False,0.0387243735763098,0.0,12,Baixo,58.9
A-378b99,Company_60,EdTech,UK,2024-09-01,ads,Pro,8,True,False,784,9408,Pro,annual,False,True,False,565,38,5,49.0,25.0,96.0,False,0,6.0,78.83333333333333,0.0,4.5,134.0,pricing,1.0,False,0.06725663716814159,0.0,20,Baixo,34.3
A-94d3da,Company_61,HealthTech,US,2023-05-03,other,Basic,41,False,False,779,9348,Basic,monthly,False,False,False,464,25,5,11.0,10.0,10.0,False,12,6.0,80.5,0.0,3.5,4.0,competitor,1.0,False,0.05387931034482758,0.0,20,Baixo,38.4
A-e351e1,Company_62,EdTech,US,2024-09-26,other,Enterprise,33,False,False,627,7524,Basic,annual,False,False,True,295,22,3,29.0,7.0,314.3,False,17,4.0,65.25,0.0,3.75,2.0,support,3.0,True,0.07457627118644068,0.0,12,Baixo,25.2
A-9badbd,Company_63,Cybersecurity,DE,2024-06-19,ads,Enterprise,5,True,False,11741,140892,Enterprise,monthly,False,False,True,729,45,8,35.0,7.0,400.0,False,6,5.0,102.6,0.0,5.0,80.0,,0.0,,0.06172839506172839,0.0,20,Baixo,31.2
A-7e0a10,Company_64,FinTech,US,2023-11-18,ads,Enterprise,46,False,False,13930,167160,Enterprise,annual,False,False,False,511,35,5,16.0,13.0,23.1,False,17,5.0,62.6,0.0,4.0,13.0,budget,1.0,False,0.0684931506849315,0.0,20,Baixo,26.4
A-118d55,Company_65,Cybersecurity,US,2024-10-22,organic,Basic,8,False,False,5771,69252,Enterprise,monthly,False,False,True,599,33,5,27.0,15.0,80.0,False,1,5.0,56.8,0.0,4.333333333333333,22.0,pricing,2.0,False,0.05509181969949917,0.0,20,Baixo,35.9
A-526d93,Company_66,HealthTech,FR,2024-04-14,organic,Basic,43,False,False,8557,102684,Enterprise,annual,False,False,True,565,45,5,14.0,29.0,-51.7,True,9,5.0,134.6,1.0,3.5,48.0,support,3.0,False,0.07964601769911504,0.2,75,Crítico,23.1
A-f92792,Company_67,FinTech,US,2024-07-04,ads,Pro,1,False,False,361,4332,Basic,annual,False,False,False,528,31,6,33.0,11.0,200.0,False,4,2.0,82.0,0.0,4.0,37.0,features,1.0,True,0.058712121212121215,0.0,20,Baixo,47.8
A-84ebe4,Company_68,FinTech,US,2023-03-12,ads,Pro,18,True,True,7164,85968,Enterprise,monthly,False,False,False,396,26,7,40.0,32.0,25.0,False,15,4.0,135.5,0.0,4.0,11.0,support,2.0,False,0.06565656565656566,0.0,20,Baixo,49.8
A-5b4ebb,Company_69,Cybersecurity,UK,2024-07-10,other,Basic,21,True,True,1470,17640,Pro,annual,False,False,False,692,25,6,8.0,19.0,-57.9,True,6,5.0,63.0,0.0,4.75,54.0,,0.0,,0.036127167630057806,0.0,55,Alto,58.8
A-2922b6,Company_70,HealthTech,US,2024-11-14,organic,Basic,15,False,False,980,11760,Pro,annual,True,False,False,393,13,2,36.0,19.0,89.5,False,13,2.0,103.0,0.0,4.0,48.0,competitor,1.0,False,0.03307888040712468,0.0,8,Baixo,35.5
A-9b9fe9,Company_71,EdTech,AU,2023-09-28,other,Basic,5,False,False,9950,119400,Enterprise,monthly,False,False,False,597,22,3,56.0,32.0,75.0,False,16,4.0,156.5,0.0,4.0,10.0,features,2.0,False,0.03685092127303183,0.0,12,Baixo,27.0
A-a8b49c,Company_72,Cybersecurity,UK,2023-10-06,partner,Basic,7,False,False,343,4116,Pro,annual,False,False,False,545,43,1,9.0,27.0,-66.7,True,6,1.0,105.0,0.0,4.0,465.0,features,1.0,False,0.07889908256880734,0.0,39,Médio,22.0
A-9174e0,Company_73,Cybersecurity,US,2024-12-04,partner,Basic,37,False,False,7363,88356,Enterprise,annual,True,False,False,689,61,6,20.0,17.0,17.6,False,2,2.0,167.0,0.0,5.0,62.0,,0.0,,0.08853410740203194,0.0,20,Baixo,22.9
A-a1bbb6,Company_74,DevTools,CA,2023-04-05,organic,Basic,1,False,False,0,0,Pro,annual,False,False,False,366,20,7,52.0,0.0,100.0,False,1,3.0,120.66666666666667,0.0,4.0,348.0,,0.0,,0.0546448087431694,0.0,20,Baixo,29.7
A-c45b23,Company_75,FinTech,UK,2023-12-08,partner,Basic,5,False,False,5174,62088,Enterprise,annual,False,False,True,581,30,10,13.0,0.0,100.0,False,8,3.0,51.666666666666664,0.0,3.0,59.0,support,1.0,True,0.05163511187607573,0.0,20,Baixo,48.2
A-02cd81,Company_76,HealthTech,IN,2024-03-28,other,Basic,44,False,False,2156,25872,Pro,annual,False,False,False,684,28,5,14.0,19.0,-26.3,False,5,3.0,84.66666666666667,1.0,4.5,174.0,pricing,1.0,False,0.04093567251461988,0.3333333333333333,40,Médio,43.8
A-ee42db,Company_77,EdTech,DE,2023-04-25,ads,Enterprise,13,False,False,570,6840,Basic,monthly,False,False,False,511,33,6,41.0,26.0,57.7,False,5,4.0,98.25,0.0,3.0,322.0,unknown,4.0,False,0.06457925636007827,0.0,20,Baixo,31.5
A-432483,Company_78,Cybersecurity,US,2023-02-06,ads,Pro,4,False,False,1519,18228,Pro,annual,False,False,False,451,28,4,24.0,42.0,-42.9,True,19,1.0,128.0,0.0,,102.0,,0.0,,0.06208425720620843,0.0,51,Alto,41.5
A-9208f0,Company_79,EdTech,US,2023-05-11,organic,Pro,1,False,True,0,0,Basic,annual,False,False,False,538,31,6,13.0,30.0,-56.7,True,20,8.0,59.75,1.0,3.3333333333333335,19.0,features,4.0,True,0.05762081784386617,0.125,75,Crítico,66.6
A-98a59a,Company_80,FinTech,UK,2023-08-04,partner,Enterprise,56,False,False,2744,32928,Pro,annual,False,False,False,455,21,8,12.0,13.0,-7.7,False,0,3.0,74.0,0.0,4.5,13.0,support,1.0,False,0.046153846153846156,0.0,20,Baixo,32.9
A-fe79a5,Company_81,HealthTech,IN,2024-02-21,ads,Basic,9,True,False,1791,21492,Enterprise,annual,False,False,False,335,17,2,8.0,7.0,14.3,False,23,4.0,61.0,0.0,5.0,6.0,,0.0,,0.050746268656716415,0.0,8,Baixo,32.2
A-726cfa,Company_82,DevTools,US,2023-07-01,partner,Pro,11,False,False,7562,90744,Enterprise,monthly,False,False,False,993,45,15,53.0,32.0,65.6,False,5,3.0,128.33333333333334,0.0,4.0,148.0,support,1.0,False,0.045317220543806644,0.0,20,Baixo,36.0
A-c43359,Company_83,FinTech,US,2024-11-16,organic,Pro,38,False,False,722,8664,Basic,monthly,True,False,False,461,32,5,40.0,24.0,66.7,False,2,3.0,107.33333333333333,0.0,4.0,222.0,support,2.0,False,0.06941431670281996,0.0,20,Baixo,26.0
A-271f46,Company_84,DevTools,US,2023-02-09,event,Pro,38,False,True,9154,109848,Enterprise,monthly,False,False,False,373,16,1,32.0,23.0,39.1,False,11,1.0,79.0,0.0,,691.0,features,2.0,True,0.04289544235924933,0.0,4,Baixo,62.6
A-157070,Company_85,FinTech,US,2023-11-09,ads,Pro,16,False,False,722,8664,Basic,annual,False,False,True,696,26,7,27.0,22.0,22.7,False,3,3.0,118.0,1.0,3.0,27.0,features,2.0,False,0.03735632183908046,0.3333333333333333,40,Médio,36.3
A-40a557,Company_86,Cybersecurity,AU,2023-12-03,partner,Pro,16,True,False,3184,38208,Enterprise,monthly,False,False,False,402,17,3,6.0,0.0,100.0,False,5,7.0,94.71428571428571,0.0,3.6666666666666665,37.0,budget,1.0,False,0.04228855721393035,0.0,12,Baixo,31.4
A-66224b,Company_87,HealthTech,US,2024-10-18,other,Pro,92,True,False,0,0,Enterprise,annual,False,False,False,626,29,10,9.0,43.0,-79.1,True,27,6.0,82.5,0.0,3.5,41.0,,0.0,,0.0463258785942492,0.0,55,Alto,26.2
A-91e948,Company_88,EdTech,AU,2023-01-29,partner,Basic,41,False,False,8159,97908,Enterprise,monthly,False,False,False,404,16,0,21.0,0.0,100.0,False,5,0.0,0.0,0.0,,999.0,,0.0,,0.039603960396039604,0.0,0,Baixo,32.7
A-104f1a,Company_89,Cybersecurity,US,2024-08-17,other,Pro,24,False,False,646,7752,Basic,monthly,False,False,False,438,22,2,22.0,38.0,-42.1,True,16,5.0,50.4,1.0,3.75,1.0,unknown,3.0,False,0.0502283105022831,0.2,63,Alto,36.1
A-7988d1,Company_90,Cybersecurity,US,2023-12-20,other,Basic,33,False,False,0,0,Basic,monthly,False,False,False,449,28,7,20.0,38.0,-47.4,True,8,3.0,65.33333333333333,0.0,4.333333333333333,35.0,unknown,3.0,False,0.062360801781737196,0.0,55,Alto,45.9
A-faa28c,Company_91,HealthTech,US,2024-01-30,organic,Enterprise,48,False,False,2352,28224,Pro,monthly,False,False,False,585,24,5,38.0,6.0,533.3,False,3,4.0,115.5,1.0,4.666666666666667,62.0,features,2.0,False,0.041025641025641026,0.25,40,Médio,37.5
A-f25509,Company_92,EdTech,US,2024-03-22,other,Enterprise,32,False,False,1083,12996,Basic,annual,False,True,False,229,15,3,27.0,0.0,100.0,False,3,6.0,116.0,0.0,4.666666666666667,215.0,features,3.0,True,0.06550218340611354,0.0,12,Baixo,28.7
A-3a7284,Company_93,FinTech,US,2024-11-17,organic,Enterprise,31,False,False,1519,18228,Pro,annual,True,False,False,609,30,9,35.0,19.0,84.2,False,9,3.0,104.33333333333333,0.0,3.5,137.0,unknown,1.0,False,0.04926108374384237,0.0,20,Baixo,46.8
A-3a5ad8,Company_94,HealthTech,US,2023-12-05,organic,Enterprise,9,True,False,0,0,Enterprise,annual,False,False,False,506,23,7,35.0,0.0,100.0,False,16,4.0,53.5,0.0,4.5,5.0,,0.0,,0.045454545454545456,0.0,20,Baixo,39.0
A-65a46c,Company_95,HealthTech,US,2023-11-04,event,Pro,1,False,False,1715,20580,Pro,annual,False,False,False,370,21,7,37.0,26.0,42.3,False,5,8.0,91.125,0.0,4.0,8.0,,0.0,,0.05675675675675676,0.0,20,Baixo,28.9
A-8b25f2,Company_96,Cybersecurity,US,2024-02-17,ads,Pro,6,False,True,2587,31044,Enterprise,monthly,False,False,False,565,20,6,22.0,29.0,-24.1,False,4,2.0,50.5,0.0,4.0,331.0,,0.0,,0.035398230088495575,0.0,20,Baixo,67.3
A-fabe19,Company_97,DevTools,UK,2024-11-11,ads,Enterprise,1,False,False,0,0,Enterprise,monthly,True,False,False,337,16,1,42.0,12.0,250.0,False,6,3.0,38.333333333333336,0.0,4.0,360.0,,0.0,,0.04747774480712166,0.0,4,Baixo,39.4
A-adc1f3,Company_98,Cybersecurity,US,2024-08-05,organic,Pro,2,False,False,995,11940,Enterprise,monthly,False,False,False,334,26,5,16.0,9.0,77.8,False,9,3.0,65.0,0.0,3.5,568.0,,0.0,,0.07784431137724551,0.0,20,Baixo,24.7
A-503d5a,Company_99,FinTech,US,2023-10-21,other,Enterprise,4,False,True,11144,133728,Enterprise,annual,False,False,False,605,32,6,51.0,40.0,27.5,False,16,9.0,81.77777777777777,0.0,4.0,41.0,,0.0,,0.05289256198347107,0.0,20,Baixo,56.3
A-fd7ad3,Company_100,Cybersecurity,US,2024-11-01,event,Enterprise,1,False,False,551,6612,Basic,monthly,False,False,False,567,42,9,0.0,37.0,-100.0,True,36,8.0,98.125,1.0,4.166666666666667,75.0,unknown,4.0,True,0.07407407407407407,0.125,75,Crítico,15.7
A-186a44,Company_101,HealthTech,US,2023-08-07,ads,Enterprise,20,False,False,380,4560,Basic,monthly,False,False,True,614,25,7,0.0,34.0,-100.0,True,34,7.0,110.42857142857143,0.0,3.5,1.0,,0.0,,0.04071661237785016,0.0,55,Alto,20.2
A-e888d1,Company_102,Cybersecurity,US,2023-03-28,other,Pro,14,False,False,833,9996,Pro,monthly,False,False,False,552,36,5,23.0,11.0,109.1,False,12,5.0,104.0,1.0,4.0,98.0,features,3.0,False,0.06521739130434782,0.2,40,Médio,33.2
A-69fad4,Company_103,FinTech,UK,2023-04-06,ads,Basic,6,False,True,0,0,Pro,monthly,False,False,False,412,24,4,19.0,44.0,-56.8,True,16,4.0,116.75,0.0,3.6666666666666665,109.0,support,1.0,False,0.05825242718446602,0.0,51,Alto,55.9
A-9289f6,Company_104,EdTech,US,2023-05-31,event,Enterprise,1,False,False,1225,14700,Pro,annual,True,False,False,642,38,7,0.0,50.0,-100.0,True,32,6.0,70.0,0.0,4.333333333333333,15.0,support,1.0,False,0.059190031152647975,0.0,55,Alto,24.4
A-f19409,Company_105,DevTools,US,2023-03-16,other,Basic,23,False,True,665,7980,Basic,annual,False,False,False,659,31,12,22.0,53.0,-58.5,True,4,3.0,103.33333333333333,0.0,4.0,49.0,features,2.0,False,0.04704097116843703,0.0,55,Alto,61.6
A-22f2df,Company_106,DevTools,US,2024-12-14,ads,Basic,3,False,False,209,2508,Basic,annual,False,False,False,429,17,5,16.0,13.0,23.1,False,22,5.0,71.6,0.0,5.0,200.0,,0.0,,0.039627039627039624,0.0,20,Baixo,37.1
A-039727,Company_107,EdTech,AU,2024-11-02,organic,Pro,25,False,False,4975,59700,Enterprise,annual,True,False,True,768,32,3,35.0,17.0,105.9,False,9,0.0,0.0,0.0,,999.0,pricing,1.0,False,0.041666666666666664,0.0,12,Baixo,35.9
A-2e3bad,Company_108,FinTech,CA,2023-08-13,other,Pro,61,False,False,1159,13908,Basic,monthly,False,False,True,435,26,6,0.0,17.0,-100.0,True,49,5.0,107.0,0.0,3.5,102.0,features,1.0,False,0.059770114942528735,0.0,55,Alto,22.9
A-484819,Company_109,HealthTech,US,2023-02-21,organic,Pro,18,False,False,3582,42984,Enterprise,monthly,True,False,False,336,20,3,7.0,10.0,-30.0,True,10,5.0,139.6,0.0,4.5,138.0,support,2.0,False,0.05952380952380952,0.0,47,Médio,40.3
A-425e76,Company_110,DevTools,UK,2023-05-17,other,Enterprise,8,False,True,1791,21492,Enterprise,annual,False,False,False,438,24,5,21.0,0.0,100.0,False,10,5.0,119.2,1.0,3.3333333333333335,238.0,competitor,4.0,True,0.0547945205479452,0.2,40,Médio,58.7
A-e83938,Company_111,DevTools,UK,2023-11-21,other,Pro,2,True,True,1026,12312,Basic,annual,False,False,False,266,18,2,9.0,0.0,100.0,False,16,4.0,72.5,0.0,3.0,30.0,budget,3.0,False,0.06766917293233082,0.0,8,Baixo,59.9
A-ad296b,Company_112,DevTools,AU,2024-07-15,event,Pro,38,False,False,1862,22344,Pro,annual,False,False,False,294,12,2,4.0,7.0,-42.9,True,17,3.0,83.33333333333333,1.0,3.6666666666666665,113.0,,0.0,,0.04081632653061224,0.3333333333333333,63,Alto,44.0
A-e51ec7,Company_113,FinTech,CA,2023-09-23,partner,Enterprise,2,False,False,1990,23880,Enterprise,monthly,False,False,False,417,18,4,14.0,7.0,100.0,False,26,3.0,93.33333333333333,0.0,5.0,87.0,budget,3.0,False,0.04316546762589928,0.0,16,Baixo,22.1
A-0aaf6e,Company_114,FinTech,US,2024-05-11,organic,Enterprise,3,False,False,3582,42984,Enterprise,monthly,False,False,False,599,39,6,43.0,15.0,186.7,False,8,5.0,75.4,0.0,4.0,79.0,,0.0,,0.0651085141903172,0.0,20,Baixo,31.7
A-e61e98,Company_115,FinTech,US,2023-10-20,partner,Enterprise,19,False,True,6766,81192,Enterprise,annual,False,False,False,527,25,7,10.0,0.0,100.0,False,4,6.0,88.5,1.0,4.6,38.0,features,1.0,False,0.04743833017077799,0.16666666666666666,40,Médio,53.3
A-92a333,Company_116,FinTech,US,2023-03-24,event,Enterprise,9,False,False,171,2052,Basic,monthly,False,False,False,364,30,2,11.0,36.0,-69.4,True,11,4.0,58.25,1.0,,209.0,,0.0,,0.08241758241758242,0.25,63,Alto,26.2
A-95b24a,Company_117,FinTech,US,2023-06-06,event,Pro,38,False,True,0,0,Pro,annual,True,False,False,611,34,8,33.0,30.0,10.0,False,0,5.0,90.4,0.0,4.25,292.0,,0.0,,0.05564648117839607,0.0,20,Baixo,60.7
A-42e5e1,Company_118,DevTools,US,2024-07-09,ads,Pro,1,False,True,490,5880,Pro,annual,False,False,False,411,41,2,8.0,32.0,-75.0,True,5,3.0,81.33333333333333,0.0,4.0,223.0,pricing,1.0,True,0.09975669099756691,0.0,43,Médio,58.8
A-7d514c,Company_119,HealthTech,DE,2024-02-03,organic,Enterprise,17,False,False,3383,40596,Enterprise,monthly,False,False,False,502,30,7,7.0,15.0,-53.3,True,20,3.0,49.666666666666664,0.0,5.0,24.0,,0.0,,0.05976095617529881,0.0,55,Alto,49.4
A-65aeb5,Company_120,DevTools,US,2024-01-25,partner,Pro,9,False,False,171,2052,Basic,annual,False,False,True,533,40,3,30.0,23.0,30.4,False,20,2.0,159.5,0.0,5.0,487.0,budget,2.0,True,0.075046904315197,0.0,12,Baixo,20.6
A-e2cd1b,Company_121,DevTools,US,2024-02-04,other,Enterprise,15,False,False,3184,38208,Enterprise,annual,False,False,False,465,18,7,17.0,15.0,13.3,False,6,5.0,76.0,0.0,4.0,181.0,,0.0,,0.03870967741935484,0.0,20,Baixo,50.9
A-180abf,Company_122,DevTools,US,2023-08-14,event,Pro,64,False,True,3136,37632,Pro,monthly,True,False,False,499,28,5,10.0,18.0,-44.4,True,14,3.0,62.333333333333336,0.0,3.0,154.0,support,5.0,False,0.056112224448897796,0.0,55,Alto,69.3
A-f17767,Company_123,DevTools,US,2023-01-30,event,Enterprise,1,True,True,735,8820,Pro,annual,False,False,False,713,38,4,40.0,0.0,100.0,False,6,3.0,115.0,1.0,4.0,338.0,pricing,1.0,False,0.05329593267882188,0.3333333333333333,36,Médio,61.8
A-5a184f,Company_124,DevTools,DE,2023-06-19,other,Enterprise,1,False,True,684,8208,Basic,annual,False,False,True,587,29,2,17.0,37.0,-54.1,True,21,3.0,42.333333333333336,0.0,4.333333333333333,262.0,support,3.0,False,0.049403747870528106,0.0,43,Médio,64.9
A-7df7a7,Company_125,DevTools,US,2023-01-28,organic,Basic,7,False,True,5970,71640,Enterprise,annual,False,False,False,922,47,10,24.0,32.0,-25.0,False,12,3.0,93.0,1.0,4.0,287.0,budget,1.0,False,0.0509761388286334,0.3333333333333333,40,Médio,68.5
A-1ac5e0,Company_126,DevTools,US,2024-10-20,event,Basic,33,False,True,0,0,Enterprise,monthly,False,False,False,558,31,7,7.0,19.0,-63.2,True,20,7.0,76.0,0.0,3.8,119.0,,0.0,,0.05555555555555555,0.0,55,Alto,64.9
A-52dd88,Company_127,Cybersecurity,US,2023-02-21,ads,Pro,23,False,False,1470,17640,Pro,annual,False,False,False,516,33,4,0.0,42.0,-100.0,True,39,1.0,111.0,0.0,,383.0,,0.0,,0.06395348837209303,0.0,51,Alto,18.5
A-bece89,Company_128,Cybersecurity,IN,2023-12-01,event,Pro,26,False,False,1862,22344,Pro,annual,False,False,False,176,13,2,28.0,0.0,100.0,False,3,4.0,103.75,1.0,4.0,217.0,unknown,2.0,False,0.07386363636363637,0.25,28,Médio,26.3
A-029f69,Company_129,Cybersecurity,CA,2024-03-07,event,Basic,3,False,False,646,7752,Basic,annual,False,False,False,789,42,9,22.0,5.0,340.0,False,0,2.0,108.0,0.0,3.0,257.0,competitor,3.0,False,0.053231939163498096,0.0,20,Baixo,33.3
A-5c046d,Company_130,EdTech,FR,2024-07-06,partner,Basic,93,False,False,18507,222084,Enterprise,annual,False,False,False,475,23,5,33.0,9.0,266.7,False,14,1.0,128.0,0.0,3.0,298.0,,0.0,,0.04842105263157895,0.0,20,Baixo,24.4
A-fb186e,Company_131,EdTech,IN,2024-10-27,organic,Basic,29,False,False,0,0,Enterprise,annual,False,False,False,207,7,3,,,0.0,False,64,6.0,81.0,0.0,3.6666666666666665,156.0,,0.0,,0.033816425120772944,0.0,12,Baixo,20.8
A-ae052e,Company_132,FinTech,CA,2023-09-11,other,Basic,39,False,False,0,0,Basic,annual,False,False,False,300,12,6,0.0,20.0,-100.0,True,30,4.0,60.5,0.0,4.0,364.0,competitor,4.0,False,0.04,0.0,55,Alto,25.6
A-9f9299,Company_133,FinTech,US,2023-09-02,organic,Enterprise,28,True,False,1372,16464,Pro,annual,False,False,False,830,54,10,60.0,44.0,36.4,False,5,5.0,116.2,0.0,5.0,3.0,competitor,2.0,False,0.06506024096385542,0.0,20,Baixo,23.6
A-96e141,Company_134,DevTools,UK,2023-08-12,partner,Basic,14,False,False,4975,59700,Enterprise,monthly,False,False,False,346,19,2,8.0,19.0,-57.9,True,14,5.0,68.4,0.0,4.333333333333333,260.0,budget,2.0,False,0.05491329479768786,0.0,43,Médio,40.6
A-117171,Company_135,HealthTech,FR,2024-09-12,organic,Basic,45,False,True,2205,26460,Pro,annual,False,False,True,208,11,1,7.0,0.0,100.0,False,20,6.0,68.33333333333333,1.0,3.6666666666666665,19.0,pricing,3.0,False,0.052884615384615384,0.16666666666666666,24,Baixo,56.0
A-313be3,Company_136,EdTech,US,2023-11-15,partner,Enterprise,47,True,False,2303,27636,Pro,monthly,False,False,False,560,40,3,9.0,35.0,-74.3,True,12,4.0,80.25,1.0,5.0,52.0,features,2.0,False,0.07142857142857142,0.25,67,Alto,23.5
A-671f31,Company_137,DevTools,US,2024-11-24,ads,Basic,59,False,False,0,0,Enterprise,annual,False,True,False,167,16,0,7.0,18.0,-61.1,True,6,7.0,78.0,0.0,4.2,160.0,,0.0,,0.09580838323353294,0.0,35,Médio,29.1
A-bbc346,Company_138,FinTech,US,2024-08-29,partner,Enterprise,19,False,False,0,0,Pro,annual,False,True,False,650,37,6,23.0,0.0,100.0,False,8,3.0,102.66666666666667,0.0,4.5,117.0,competitor,2.0,False,0.05692307692307692,0.0,20,Baixo,43.8
A-c16101,Company_139,EdTech,IN,2024-09-06,other,Basic,7,False,False,343,4116,Pro,monthly,False,False,False,561,29,9,42.0,29.0,44.8,False,11,4.0,82.0,1.0,5.0,23.0,features,2.0,True,0.05169340463458111,0.25,40,Médio,47.6
A-50f3f7,Company_140,HealthTech,US,2023-12-22,partner,Basic,31,False,True,6169,74028,Enterprise,annual,False,False,False,685,45,7,31.0,52.0,-40.4,True,3,6.0,67.83333333333333,1.0,5.0,121.0,,0.0,,0.06569343065693431,0.16666666666666666,75,Crítico,52.7
A-7da956,Company_141,Cybersecurity,US,2024-06-02,event,Pro,13,True,False,2985,35820,Enterprise,monthly,False,True,False,543,35,4,35.0,23.0,52.2,False,9,3.0,88.0,0.0,5.0,172.0,,0.0,,0.06445672191528545,0.0,16,Baixo,38.0
A-019782,Company_142,DevTools,FR,2023-04-19,event,Enterprise,11,False,False,0,0,Enterprise,annual,False,False,False,562,30,3,28.0,13.0,115.4,False,11,2.0,107.0,0.0,3.0,30.0,,0.0,,0.05338078291814947,0.0,12,Baixo,46.6
A-df10db,Company_143,DevTools,US,2023-06-06,other,Enterprise,2,True,False,2388,28656,Enterprise,monthly,False,False,False,697,40,2,34.0,25.0,36.0,False,7,2.0,86.5,1.0,3.0,111.0,competitor,2.0,False,0.05738880918220947,0.5,28,Médio,47.2
A-3932db,Company_144,HealthTech,CA,2023-10-04,other,Pro,19,True,True,0,0,Enterprise,monthly,False,False,False,434,28,4,35.0,35.0,0.0,False,10,6.0,86.5,0.0,4.333333333333333,100.0,,0.0,,0.06451612903225806,0.0,16,Baixo,50.7
A-4f18f0,Company_145,DevTools,CA,2024-04-21,other,Pro,24,True,False,456,5472,Basic,monthly,False,False,False,544,25,6,19.0,22.0,-13.6,False,9,5.0,61.4,0.0,4.0,149.0,features,2.0,False,0.04595588235294118,0.0,20,Baixo,51.9
A-4c6f11,Company_146,FinTech,CA,2023-11-27,organic,Pro,24,True,True,456,5472,Basic,monthly,False,False,False,268,4,1,24.0,8.0,200.0,False,8,3.0,63.0,0.0,4.333333333333333,391.0,competitor,2.0,False,0.014925373134328358,0.0,4,Baixo,55.8
A-8ae05d,Company_147,FinTech,IN,2024-04-06,other,Enterprise,86,False,False,0,0,Enterprise,monthly,False,False,False,203,10,1,25.0,9.0,177.8,False,7,1.0,48.0,0.0,4.0,513.0,unknown,1.0,False,0.04926108374384237,0.0,4,Baixo,31.7
A-b78bf8,Company_148,DevTools,US,2024-11-15,event,Pro,33,False,False,1617,19404,Pro,monthly,False,False,False,421,11,7,25.0,10.0,150.0,False,25,5.0,88.8,0.0,4.2,14.0,unknown,1.0,False,0.026128266033254157,0.0,20,Baixo,23.9
A-eafc6e,Company_149,DevTools,US,2023-07-06,partner,Pro,27,False,True,0,0,Basic,monthly,False,False,False,300,15,3,0.0,21.0,-100.0,True,31,1.0,136.0,0.0,,536.0,unknown,2.0,False,0.05,0.0,47,Médio,55.2
A-37f969,Company_150,HealthTech,IN,2023-10-14,partner,Enterprise,30,False,False,5970,71640,Enterprise,annual,True,False,False,312,14,5,21.0,0.0,100.0,False,6,5.0,94.0,1.0,3.6666666666666665,263.0,competitor,4.0,False,0.04487179487179487,0.2,40,Médio,31.2
A-10b8f2,Company_151,HealthTech,DE,2023-01-11,organic,Basic,47,True,False,2352,28224,Pro,annual,False,False,False,560,23,10,38.0,20.0,90.0,False,5,3.0,67.0,0.0,4.333333333333333,335.0,support,1.0,False,0.04107142857142857,0.0,20,Baixo,44.7
A-439b2f,Company_152,DevTools,US,2024-02-21,ads,Enterprise,1,False,True,1274,15288,Pro,monthly,True,False,False,171,5,2,18.0,0.0,100.0,False,2,3.0,85.33333333333333,0.0,,19.0,features,2.0,True,0.029239766081871343,0.0,8,Baixo,60.0
A-544d0a,Company_153,DevTools,US,2024-05-02,organic,Basic,2,True,False,398,4776,Enterprise,annual,True,False,False,510,22,7,30.0,44.0,-31.8,True,13,2.0,98.0,1.0,4.0,256.0,,0.0,,0.043137254901960784,0.5,75,Crítico,36.1
A-ba6516,Company_154,FinTech,US,2023-10-29,ads,Pro,27,False,False,5373,64476,Enterprise,annual,False,False,False,642,32,8,25.0,7.0,257.1,False,12,6.0,71.0,0.0,4.0,6.0,budget,1.0,False,0.04984423676012461,0.0,20,Baixo,40.3
A-712426,Company_155,HealthTech,US,2024-11-10,other,Enterprise,9,False,False,0,0,Enterprise,annual,False,False,False,696,31,6,12.0,16.0,-25.0,False,4,6.0,79.16666666666667,0.0,4.4,21.0,features,3.0,True,0.04454022988505747,0.0,20,Baixo,45.2
A-038089,Company_156,DevTools,FR,2023-12-19,other,Pro,5,False,True,95,1140,Basic,annual,False,False,False,210,15,1,0.0,9.0,-100.0,True,33,6.0,86.16666666666667,0.0,3.6666666666666665,220.0,features,2.0,False,0.07142857142857142,0.0,39,Médio,56.0
A-afa505,Company_157,DevTools,US,2023-12-27,partner,Basic,70,True,False,13930,167160,Enterprise,monthly,True,False,False,507,28,8,43.0,0.0,100.0,False,1,4.0,88.25,1.0,3.0,97.0,support,1.0,False,0.055226824457593686,0.25,40,Médio,33.4
A-d5a319,Company_158,FinTech,US,2023-05-04,other,Enterprise,15,False,True,2985,35820,Enterprise,annual,False,False,False,604,43,5,49.0,10.0,390.0,False,11,1.0,132.0,1.0,4.0,105.0,,0.0,,0.07119205298013245,1.0,40,Médio,56.6
A-f97b9a,Company_159,FinTech,US,2023-07-09,event,Pro,16,False,False,784,9408,Pro,annual,False,False,False,561,33,6,24.0,28.0,-14.3,False,2,7.0,69.85714285714286,0.0,3.6666666666666665,47.0,,0.0,,0.058823529411764705,0.0,20,Baixo,50.3
A-2f6a32,Company_160,HealthTech,US,2024-08-26,organic,Basic,19,False,False,361,4332,Basic,annual,False,False,False,654,46,6,28.0,21.0,33.3,False,4,2.0,72.0,0.0,3.5,239.0,,0.0,,0.07033639143730887,0.0,20,Baixo,24.4
A-856b1e,Company_161,FinTech,US,2023-10-31,partner,Basic,19,False,False,0,0,Basic,monthly,False,False,False,230,24,4,9.0,12.0,-25.0,False,24,5.0,79.4,1.0,,107.0,,0.0,,0.10434782608695652,0.2,36,Médio,12.6
A-17939a,Company_162,HealthTech,US,2024-12-26,organic,Basic,1,False,False,266,3192,Basic,annual,False,False,False,440,43,5,13.0,11.0,18.2,False,27,7.0,83.42857142857143,0.0,4.5,139.0,,0.0,,0.09772727272727273,0.0,20,Baixo,16.4
A-d27f50,Company_163,Cybersecurity,UK,2024-07-20,ads,Enterprise,44,False,False,836,10032,Basic,annual,False,False,True,481,31,4,10.0,27.0,-63.0,True,12,4.0,116.5,0.0,3.75,244.0,,0.0,,0.06444906444906445,0.0,51,Alto,25.8
A-e36807,Company_164,EdTech,AU,2024-05-17,other,Pro,6,False,False,1791,21492,Enterprise,monthly,False,False,False,446,27,4,17.0,26.0,-34.6,True,2,2.0,152.0,0.0,4.5,102.0,,0.0,,0.06053811659192825,0.0,51,Alto,45.9
A-ff79f2,Company_165,DevTools,US,2024-04-25,ads,Basic,8,False,True,3781,45372,Enterprise,annual,False,False,True,393,12,4,0.0,29.0,-100.0,True,39,2.0,82.5,0.0,,118.0,,0.0,,0.030534351145038167,0.0,51,Alto,57.7
A-5b1bcd,Company_166,DevTools,US,2023-09-16,organic,Pro,73,False,False,3577,42924,Pro,annual,True,False,False,869,54,6,30.0,52.0,-42.3,True,0,4.0,92.5,0.0,4.5,14.0,competitor,1.0,False,0.06214039125431531,0.0,55,Alto,30.2
A-71615e,Company_167,EdTech,US,2024-05-18,organic,Basic,15,False,False,735,8820,Pro,annual,False,False,False,620,41,4,29.0,30.0,-3.3,False,9,1.0,77.0,0.0,,354.0,pricing,1.0,False,0.06612903225806452,0.0,16,Baixo,28.6
A-794a0b,Company_168,HealthTech,DE,2023-06-02,organic,Basic,23,False,False,6169,74028,Enterprise,monthly,False,False,False,347,31,1,6.0,61.0,-90.2,True,11,0.0,0.0,0.0,,999.0,budget,1.0,False,0.0893371757925072,0.0,39,Médio,17.5
A-86902e,Company_169,HealthTech,IN,2023-05-02,other,Enterprise,34,False,False,6766,81192,Enterprise,annual,False,False,False,628,36,6,29.0,15.0,93.3,False,19,9.0,71.44444444444444,0.0,3.5,211.0,features,1.0,False,0.05732484076433121,0.0,20,Baixo,37.8
A-0532a9,Company_170,FinTech,IN,2024-09-25,event,Pro,19,False,False,931,11172,Pro,annual,True,False,False,519,30,7,26.0,28.0,-7.1,False,6,8.0,73.375,0.0,3.0,37.0,pricing,1.0,False,0.057803468208092484,0.0,20,Baixo,46.6
A-9779ad,Company_171,Cybersecurity,AU,2024-03-29,event,Pro,40,True,True,7960,95520,Enterprise,monthly,False,False,False,413,25,3,10.0,40.0,-75.0,True,11,3.0,116.33333333333333,0.0,5.0,64.0,features,3.0,False,0.06053268765133172,0.0,47,Médio,55.6
A-f45426,Company_172,HealthTech,US,2024-08-05,organic,Basic,9,False,False,441,5292,Pro,monthly,False,False,False,624,49,5,59.0,21.0,181.0,False,5,3.0,69.0,0.0,4.0,129.0,pricing,2.0,False,0.07852564102564102,0.0,20,Baixo,24.8
A-c1e51e,Company_173,FinTech,US,2024-10-02,organic,Basic,3,False,False,779,9348,Basic,annual,False,False,True,518,36,7,14.0,9.0,55.6,False,6,5.0,75.6,0.0,3.2,63.0,support,2.0,False,0.0694980694980695,0.0,20,Baixo,27.4
A-fa3095,Company_174,FinTech,US,2023-09-03,ads,Basic,70,False,False,1330,15960,Basic,annual,False,False,False,600,42,5,28.0,58.0,-51.7,True,16,5.0,84.0,0.0,5.0,55.0,support,1.0,False,0.07,0.0,55,Alto,29.1
A-ad64c6,Company_175,DevTools,UK,2024-02-23,event,Pro,12,False,False,5572,66864,Enterprise,annual,False,False,False,215,18,2,0.0,13.0,-100.0,True,50,4.0,98.5,0.0,5.0,57.0,unknown,2.0,False,0.08372093023255814,0.0,43,Médio,18.1
A-39b19f,Company_176,FinTech,US,2023-02-03,partner,Enterprise,1,False,False,247,2964,Basic,monthly,False,False,False,530,37,5,,,0.0,False,78,6.0,87.5,1.0,4.25,88.0,unknown,1.0,False,0.06981132075471698,0.16666666666666666,40,Médio,14.7
A-56962b,Company_177,EdTech,UK,2024-04-09,partner,Enterprise,163,False,False,32437,389244,Enterprise,monthly,False,False,False,271,25,4,0.0,22.0,-100.0,True,41,4.0,105.5,0.0,3.0,316.0,pricing,2.0,False,0.09225092250922509,0.0,51,Alto,10.1
A-e60f9d,Company_178,FinTech,US,2024-08-26,other,Basic,29,False,False,722,8664,Basic,annual,False,False,True,629,24,5,,,0.0,False,63,2.0,106.5,0.0,,326.0,,0.0,,0.03815580286168521,0.0,20,Baixo,23.1
A-88c6ca,Company_179,FinTech,DE,2024-10-25,ads,Basic,5,False,True,1127,13524,Pro,annual,False,False,False,446,19,8,27.0,23.0,17.4,False,4,1.0,12.0,0.0,,674.0,,0.0,,0.042600896860986545,0.0,20,Baixo,62.8
A-158f4e,Company_180,FinTech,IN,2023-03-03,other,Enterprise,61,False,False,12139,145668,Enterprise,monthly,False,False,False,453,29,3,0.0,7.0,-100.0,True,39,5.0,126.0,0.0,4.333333333333333,148.0,features,2.0,False,0.0640176600441501,0.0,47,Médio,19.8
A-5b051a,Company_181,Cybersecurity,US,2024-08-05,event,Enterprise,22,False,False,1078,12936,Pro,monthly,False,False,False,171,17,3,36.0,13.0,176.9,False,24,1.0,2.0,0.0,3.0,282.0,,0.0,,0.09941520467836257,0.0,12,Baixo,15.2
A-296d7c,Company_182,DevTools,DE,2023-11-08,other,Enterprise,2,False,False,294,3528,Pro,annual,False,False,False,357,18,7,0.0,8.0,-100.0,True,35,5.0,105.2,0.0,3.75,160.0,budget,1.0,False,0.05042016806722689,0.0,55,Alto,25.1
A-1619f8,Company_183,DevTools,US,2024-05-20,organic,Pro,29,False,False,551,6612,Basic,monthly,False,False,False,432,26,2,18.0,13.0,38.5,False,24,3.0,81.0,0.0,5.0,50.0,budget,3.0,False,0.06018518518518518,0.0,8,Baixo,29.8
A-a1b80b,Company_184,HealthTech,US,2023-11-27,organic,Basic,16,False,False,0,0,Pro,annual,False,False,False,749,48,5,107.0,41.0,161.0,False,4,4.0,72.5,0.0,4.0,159.0,budget,1.0,True,0.06408544726301736,0.0,20,Baixo,28.2
A-139c3b,Company_185,HealthTech,US,2024-11-21,organic,Enterprise,10,True,True,0,0,Basic,annual,False,False,False,478,16,7,30.0,39.0,-23.1,False,2,9.0,66.11111111111111,0.0,4.5,13.0,,0.0,,0.03347280334728033,0.0,20,Baixo,62.3
A-702032,Company_186,HealthTech,US,2023-10-03,ads,Pro,28,False,False,1372,16464,Pro,annual,False,False,True,285,15,1,10.0,0.0,100.0,False,29,4.0,98.25,0.0,3.0,161.0,competitor,2.0,False,0.05263157894736842,0.0,4,Baixo,30.6
A-7a0d69,Company_187,DevTools,DE,2024-06-15,ads,Enterprise,4,True,True,3184,38208,Enterprise,monthly,False,False,False,606,31,5,38.0,11.0,245.5,False,8,2.0,52.5,0.0,5.0,180.0,budget,3.0,False,0.05115511551155116,0.0,20,Baixo,66.9
A-22d9d2,Company_188,DevTools,FR,2024-03-22,event,Pro,8,False,False,1568,18816,Pro,monthly,False,True,True,782,43,6,29.0,53.0,-45.3,True,11,6.0,88.0,1.0,4.0,77.0,pricing,1.0,False,0.054987212276214836,0.16666666666666666,75,Crítico,50.7
A-b9eed8,Company_189,Cybersecurity,US,2024-02-23,organic,Basic,11,False,False,342,4104,Basic,monthly,False,False,False,623,55,9,33.0,9.0,266.7,False,1,5.0,103.8,1.0,3.75,93.0,pricing,1.0,True,0.08828250401284109,0.2,40,Médio,16.8
A-dfbd31,Company_190,DevTools,UK,2023-12-04,partner,Enterprise,14,False,False,266,3192,Basic,monthly,False,False,False,599,19,7,16.0,0.0,100.0,False,17,6.0,129.83333333333334,0.0,4.25,67.0,unknown,2.0,False,0.03171953255425709,0.0,20,Baixo,31.7
A-8e47ca,Company_191,HealthTech,US,2024-02-15,organic,Pro,19,False,False,4975,59700,Enterprise,monthly,False,False,True,441,35,2,4.0,26.0,-84.6,True,27,5.0,80.6,1.0,4.0,317.0,support,3.0,False,0.07936507936507936,0.2,63,Alto,15.6
A-4437e4,Company_192,Cybersecurity,US,2023-09-16,event,Enterprise,3,False,False,171,2052,Basic,annual,False,False,False,806,43,8,33.0,10.0,230.0,False,21,6.0,125.33333333333333,2.0,3.0,45.0,features,1.0,False,0.05334987593052109,0.3333333333333333,40,Médio,29.8
A-779e4e,Company_193,HealthTech,US,2023-01-02,organic,Basic,5,False,False,1862,22344,Basic,annual,False,False,False,393,20,6,8.0,0.0,100.0,False,11,5.0,91.6,0.0,4.0,58.0,,0.0,,0.05089058524173028,0.0,20,Baixo,36.4
A-53f4e3,Company_194,Cybersecurity,UK,2024-06-14,event,Enterprise,13,False,False,1421,17052,Pro,monthly,False,False,False,410,45,1,16.0,7.0,128.6,False,11,5.0,99.0,0.0,4.0,98.0,competitor,1.0,True,0.10975609756097561,0.0,4,Baixo,22.4
A-692f18,Company_195,EdTech,US,2024-03-28,other,Basic,5,True,True,5572,66864,Enterprise,annual,False,False,True,871,55,9,47.0,8.0,487.5,False,8,2.0,120.0,0.0,5.0,50.0,support,1.0,False,0.06314580941446613,0.0,20,Baixo,61.0
A-13466a,Company_196,DevTools,AU,2023-10-22,event,Basic,2,False,True,171,2052,Basic,annual,False,False,False,205,14,2,25.0,0.0,100.0,False,12,3.0,94.33333333333333,1.0,4.333333333333333,57.0,pricing,2.0,True,0.06829268292682927,0.3333333333333333,28,Médio,63.7
A-1986ca,Company_197,HealthTech,IN,2023-01-30,ads,Pro,20,False,False,3980,47760,Enterprise,monthly,False,False,False,362,23,5,0.0,26.0,-100.0,True,38,7.0,106.57142857142857,0.0,3.4,115.0,,0.0,,0.06353591160220995,0.0,55,Alto,21.5
A-0cc442,Company_198,EdTech,US,2024-07-18,organic,Basic,45,False,False,8955,107460,Enterprise,annual,False,False,False,765,41,7,24.0,24.0,0.0,False,11,3.0,47.333333333333336,0.0,3.0,246.0,budget,4.0,True,0.05359477124183006,0.0,20,Baixo,33.9
A-c608c8,Company_199,DevTools,DE,2023-04-27,ads,Pro,3,False,True,1029,12348,Pro,annual,False,False,False,445,27,5,9.0,18.0,-50.0,True,0,2.0,66.0,0.0,3.0,137.0,support,1.0,False,0.060674157303370786,0.0,55,Alto,68.9
A-3be56b,Company_200,HealthTech,IN,2023-10-26,event,Pro,3,False,True,380,4560,Basic,annual,False,False,False,528,33,8,25.0,21.0,19.0,False,2,4.0,74.0,0.0,3.5,322.0,pricing,2.0,False,0.0625,0.0,20,Baixo,62.2
A-354f12,Company_201,FinTech,US,2024-04-28,ads,Pro,1,True,False,133,1596,Basic,monthly,False,False,False,158,3,1,14.0,13.0,7.7,False,15,2.0,137.5,0.0,,506.0,competitor,1.0,False,0.0189873417721519,0.0,4,Baixo,26.4
A-68f37c,Company_202,HealthTech,US,2023-07-15,ads,Basic,4,False,False,796,9552,Enterprise,monthly,True,False,False,624,40,6,15.0,36.0,-58.3,True,15,5.0,119.8,0.0,4.0,66.0,features,4.0,True,0.0641025641025641,0.0,55,Alto,34.1
A-aa9511,Company_203,DevTools,US,2023-10-10,other,Pro,23,True,False,5970,71640,Enterprise,monthly,False,False,False,625,35,5,41.0,20.0,105.0,False,0,2.0,98.5,0.0,4.0,510.0,competitor,1.0,False,0.056,0.0,20,Baixo,40.3
A-af0cd2,Company_204,Cybersecurity,IN,2023-01-03,other,Enterprise,19,True,False,1083,12996,Basic,annual,False,False,False,687,33,8,28.0,38.0,-26.3,False,12,3.0,149.33333333333334,0.0,,187.0,unknown,1.0,False,0.048034934497816595,0.0,20,Baixo,34.5
A-bd4513,Company_205,DevTools,AU,2024-11-06,event,Enterprise,50,True,False,950,11400,Basic,annual,False,False,False,507,34,4,19.0,16.0,18.8,False,2,3.0,58.666666666666664,0.0,4.666666666666667,1.0,budget,2.0,False,0.0670611439842209,0.0,16,Baixo,35.5
A-c222ab,Company_206,Cybersecurity,US,2024-05-10,other,Pro,32,False,True,1568,18816,Pro,monthly,False,False,False,435,33,6,40.0,12.0,233.3,False,2,4.0,94.5,0.0,5.0,5.0,support,3.0,False,0.07586206896551724,0.0,20,Baixo,51.3
A-34d880,Company_207,Cybersecurity,AU,2024-04-11,ads,Enterprise,4,False,False,995,11940,Enterprise,monthly,False,False,False,474,40,3,13.0,0.0,100.0,False,18,5.0,90.8,0.0,3.0,42.0,unknown,1.0,False,0.08438818565400844,0.0,12,Baixo,21.5
A-508199,Company_208,FinTech,AU,2024-01-28,event,Basic,19,False,False,0,0,Enterprise,monthly,False,False,False,231,15,2,0.0,27.0,-100.0,True,38,3.0,67.33333333333333,0.0,3.0,136.0,,0.0,,0.06493506493506493,0.0,43,Médio,18.6
A-f03140,Company_209,DevTools,IN,2023-11-22,event,Pro,27,True,False,0,0,Pro,annual,False,False,False,595,22,4,21.0,27.0,-22.2,False,1,7.0,113.14285714285714,0.0,3.6666666666666665,306.0,competitor,1.0,False,0.03697478991596639,0.0,16,Baixo,39.4
A-410e86,Company_210,FinTech,US,2024-11-10,organic,Basic,24,False,False,4776,57312,Enterprise,monthly,False,False,False,292,21,3,11.0,0.0,100.0,False,4,5.0,110.0,0.0,3.5,247.0,,0.0,,0.07191780821917808,0.0,12,Baixo,17.2
A-fa2041,Company_211,HealthTech,US,2024-05-29,organic,Pro,15,True,False,0,0,Pro,annual,False,False,False,552,34,6,45.0,9.0,400.0,False,5,1.0,99.0,0.0,3.0,276.0,competitor,1.0,False,0.06159420289855073,0.0,20,Baixo,33.6
A-de58ca,Company_212,HealthTech,DE,2023-04-13,organic,Enterprise,15,False,False,7164,85968,Enterprise,annual,False,False,False,505,33,7,18.0,8.0,125.0,False,10,5.0,115.0,0.0,3.3333333333333335,56.0,,0.0,,0.06534653465346535,0.0,20,Baixo,31.8
A-05d3b3,Company_213,DevTools,AU,2023-05-28,ads,Basic,9,True,False,3781,45372,Enterprise,annual,False,False,False,642,22,4,11.0,13.0,-15.4,False,13,6.0,48.333333333333336,0.0,4.333333333333333,58.0,unknown,2.0,False,0.03426791277258567,0.0,16,Baixo,43.7
A-249769,Company_214,Cybersecurity,US,2024-04-25,event,Enterprise,4,False,True,133,1596,Basic,annual,False,False,False,678,30,3,68.0,0.0,100.0,False,1,2.0,96.5,0.0,4.0,80.0,budget,2.0,True,0.04424778761061947,0.0,12,Baixo,57.3
A-e43bf7,Company_215,Cybersecurity,AU,2023-03-24,other,Pro,44,False,False,8756,105072,Enterprise,annual,False,False,False,371,35,2,8.0,22.0,-63.6,True,23,5.0,80.0,1.0,4.0,6.0,pricing,1.0,False,0.09433962264150944,0.2,63,Alto,19.0
A-eb2fdc,Company_216,DevTools,AU,2023-11-21,organic,Enterprise,31,False,True,589,7068,Basic,annual,False,False,False,547,17,3,0.0,53.0,-100.0,True,32,5.0,37.6,0.0,4.5,379.0,competitor,1.0,False,0.031078610603290677,0.0,47,Médio,60.6
A-e1462e,Company_217,FinTech,UK,2023-03-12,partner,Basic,15,False,False,285,3420,Basic,annual,False,False,False,347,22,4,0.0,5.0,-100.0,True,51,2.0,118.5,0.0,3.5,151.0,competitor,2.0,True,0.06340057636887608,0.0,51,Alto,16.5
A-cab532,Company_218,DevTools,FR,2023-04-03,organic,Pro,11,True,False,1715,20580,Pro,annual,False,False,False,1005,47,7,60.0,23.0,160.9,False,1,1.0,175.0,0.0,4.0,278.0,support,1.0,False,0.046766169154228855,0.0,20,Baixo,30.8
A-9123ac,Company_219,Cybersecurity,DE,2023-06-20,organic,Pro,9,False,False,3582,42984,Enterprise,annual,False,False,False,386,24,4,40.0,13.0,207.7,False,12,6.0,91.66666666666667,0.0,4.2,39.0,competitor,2.0,True,0.06217616580310881,0.0,16,Baixo,26.9
A-6e08f3,Company_220,Cybersecurity,US,2023-02-27,event,Basic,8,False,False,247,2964,Basic,annual,False,False,False,492,21,7,14.0,64.0,-78.1,True,3,2.0,137.0,0.0,3.5,131.0,competitor,1.0,True,0.042682926829268296,0.0,55,Alto,35.7
A-d922bf,Company_221,HealthTech,US,2023-09-08,ads,Basic,5,True,True,1791,21492,Enterprise,annual,False,False,False,419,19,3,21.0,0.0,100.0,False,10,7.0,101.14285714285714,1.0,3.3333333333333335,168.0,support,1.0,False,0.045346062052505964,0.14285714285714285,32,Médio,56.8
A-8ed5dd,Company_222,EdTech,UK,2023-06-29,event,Enterprise,5,False,True,285,3420,Basic,monthly,False,True,False,545,45,2,19.0,20.0,-5.0,False,12,6.0,96.83333333333333,0.0,3.75,22.0,unknown,2.0,False,0.08256880733944955,0.0,8,Baixo,50.3
A-7c6b6b,Company_223,FinTech,US,2024-11-30,other,Basic,6,False,False,1127,13524,Pro,monthly,False,False,False,311,24,5,7.0,0.0,100.0,False,24,5.0,82.4,0.0,4.333333333333333,112.0,budget,1.0,False,0.07717041800643087,0.0,20,Baixo,18.9
A-3c1a3f,Company_224,DevTools,UK,2023-08-26,event,Pro,1,False,False,133,1596,Basic,annual,False,False,False,497,22,5,9.0,36.0,-75.0,True,11,4.0,56.5,0.0,3.5,297.0,,0.0,,0.04426559356136821,0.0,55,Alto,45.4
A-b48f73,Company_225,EdTech,AU,2024-11-13,event,Pro,80,True,False,3920,47040,Pro,annual,False,False,False,412,23,3,0.0,10.0,-100.0,True,36,3.0,35.333333333333336,0.0,4.0,421.0,,0.0,,0.055825242718446605,0.0,47,Médio,25.0
A-76fa4d,Company_226,HealthTech,US,2024-11-24,event,Pro,69,False,False,3381,40572,Pro,monthly,False,False,False,357,21,4,15.0,37.0,-59.5,True,28,5.0,111.8,0.0,4.5,4.0,pricing,2.0,False,0.058823529411764705,0.0,51,Alto,20.2
A-b2af2e,Company_227,Cybersecurity,UK,2024-08-24,event,Enterprise,5,False,False,1026,12312,Basic,annual,False,True,False,174,11,4,0.0,9.0,-100.0,True,50,2.0,95.0,0.0,4.0,357.0,pricing,1.0,False,0.06321839080459771,0.0,51,Alto,13.8
A-9bfc9f,Company_228,DevTools,CA,2023-09-14,ads,Pro,53,False,False,2940,35280,Pro,monthly,False,False,False,376,18,4,6.0,0.0,100.0,False,23,6.0,84.33333333333333,1.0,3.3333333333333335,99.0,,0.0,,0.047872340425531915,0.16666666666666666,36,Médio,35.0
A-4ae22a,Company_229,EdTech,US,2024-05-09,other,Pro,6,False,True,532,6384,Basic,annual,False,False,False,369,31,6,24.0,28.0,-14.3,False,3,3.0,72.66666666666667,0.0,3.0,144.0,pricing,1.0,False,0.08401084010840108,0.0,20,Baixo,57.5
A-fda07f,Company_230,Cybersecurity,FR,2024-08-11,partner,Basic,7,False,False,266,3192,Basic,monthly,False,False,False,681,39,4,50.0,7.0,614.3,False,0,5.0,57.0,0.0,4.0,121.0,support,1.0,False,0.05726872246696035,0.0,16,Baixo,30.9
A-de24d5,Company_231,DevTools,US,2024-11-05,other,Enterprise,5,True,False,245,2940,Pro,monthly,False,False,False,537,28,6,0.0,32.0,-100.0,True,39,7.0,103.42857142857143,0.0,3.0,45.0,,0.0,,0.0521415270018622,0.0,55,Alto,29.8
A-977ca0,Company_232,HealthTech,IN,2023-02-20,partner,Basic,6,False,True,686,8232,Pro,annual,False,False,True,893,46,13,57.0,37.0,54.1,False,7,3.0,123.0,0.0,4.0,40.0,,0.0,,0.051511758118701005,0.0,20,Baixo,64.9
A-ab438f,Company_233,Cybersecurity,US,2024-09-13,ads,Enterprise,13,False,True,0,0,Pro,monthly,False,False,False,369,12,3,7.0,14.0,-50.0,True,6,2.0,112.5,0.0,3.5,186.0,budget,1.0,False,0.032520325203252036,0.0,47,Médio,55.8
A-e89151,Company_234,FinTech,UK,2023-09-14,organic,Pro,8,True,True,8756,105072,Enterprise,annual,False,False,False,601,29,13,53.0,5.0,960.0,False,1,2.0,48.5,0.0,5.0,82.0,,0.0,,0.048252911813643926,0.0,20,Baixo,63.2
A-40906c,Company_235,EdTech,US,2024-03-27,ads,Basic,92,False,False,4508,54096,Pro,annual,False,False,False,685,32,7,28.0,9.0,211.1,False,28,5.0,95.0,0.0,3.75,60.0,,0.0,,0.04671532846715328,0.0,20,Baixo,24.1
A-81edc3,Company_236,Cybersecurity,IN,2023-10-30,ads,Basic,5,False,False,995,11940,Enterprise,annual,False,False,False,765,41,11,83.0,56.0,48.2,False,2,3.0,70.0,0.0,4.0,225.0,support,3.0,False,0.05359477124183006,0.0,20,Baixo,38.3
A-328bd0,Company_237,HealthTech,AU,2023-05-16,partner,Enterprise,18,False,False,882,10584,Pro,annual,False,True,False,568,49,5,33.0,0.0,100.0,False,7,5.0,68.2,0.0,3.6666666666666665,116.0,,0.0,,0.08626760563380281,0.0,20,Baixo,23.4
A-b3fe05,Company_238,Cybersecurity,CA,2024-05-28,partner,Pro,8,False,False,0,0,Basic,annual,False,False,False,438,18,8,8.0,16.0,-50.0,True,2,4.0,94.25,0.0,3.0,25.0,,0.0,,0.0410958904109589,0.0,55,Alto,35.9
A-09540c,Company_239,Cybersecurity,CA,2023-10-30,event,Basic,67,True,False,3283,39396,Pro,monthly,False,False,False,297,16,3,12.0,0.0,100.0,False,29,2.0,89.0,0.0,4.5,311.0,unknown,1.0,False,0.05387205387205387,0.0,12,Baixo,21.7
A-e693b6,Company_240,FinTech,AU,2023-05-25,event,Enterprise,55,False,True,10945,131340,Enterprise,annual,False,False,False,681,25,4,30.0,13.0,130.8,False,0,1.0,144.0,0.0,3.0,544.0,budget,1.0,False,0.03671071953010279,0.0,16,Baixo,57.7
A-2446e3,Company_241,EdTech,IN,2024-01-10,organic,Pro,27,False,False,5373,64476,Enterprise,monthly,False,False,False,496,32,5,16.0,41.0,-61.0,True,7,3.0,104.66666666666667,0.0,4.0,65.0,unknown,2.0,True,0.06451612903225806,0.0,55,Alto,32.7
A-241e75,Company_242,EdTech,US,2024-07-03,partner,Enterprise,3,False,False,95,1140,Basic,monthly,False,False,False,266,20,2,16.0,15.0,6.7,False,18,4.0,101.0,0.0,4.5,120.0,features,2.0,False,0.07518796992481203,0.0,8,Baixo,19.0
A-922109,Company_243,Cybersecurity,US,2024-01-26,ads,Pro,3,False,False,0,0,Basic,monthly,False,False,False,819,34,4,24.0,63.0,-61.9,True,10,3.0,127.0,0.0,3.0,263.0,support,2.0,False,0.04151404151404151,0.0,51,Alto,37.9
A-ff3c73,Company_244,HealthTech,AU,2023-01-26,other,Pro,21,False,False,399,4788,Basic,annual,False,False,False,408,23,5,32.0,13.0,146.2,False,3,2.0,97.5,0.0,3.5,653.0,competitor,2.0,False,0.056372549019607844,0.0,20,Baixo,37.8
A-8b0451,Company_245,FinTech,UK,2024-09-16,event,Enterprise,41,False,False,8159,97908,Enterprise,annual,False,False,False,606,45,6,20.0,25.0,-20.0,False,0,7.0,83.71428571428571,0.0,3.5,21.0,budget,1.0,False,0.07425742574257425,0.0,20,Baixo,26.4
A-331424,Company_246,DevTools,US,2023-11-06,organic,Basic,11,False,False,0,0,Pro,monthly,False,False,False,214,9,3,11.0,0.0,100.0,False,29,2.0,98.5,0.0,,642.0,competitor,1.0,False,0.04205607476635514,0.0,12,Baixo,25.5
A-51ec1b,Company_247,DevTools,US,2023-11-08,ads,Enterprise,7,False,False,3383,40596,Enterprise,annual,True,False,False,283,12,3,,,0.0,False,70,3.0,150.0,1.0,5.0,111.0,unknown,1.0,True,0.04240282685512368,0.3333333333333333,32,Médio,24.7
A-bcf664,Company_248,DevTools,US,2023-05-19,other,Pro,5,False,False,2303,27636,Pro,annual,False,False,False,575,28,5,8.0,43.0,-81.4,True,7,5.0,110.6,1.0,4.0,45.0,features,3.0,True,0.04869565217391304,0.2,75,Crítico,45.3
A-90a8c8,Company_249,FinTech,AU,2024-08-24,organic,Pro,15,False,False,2985,35820,Enterprise,monthly,False,False,False,404,20,4,17.0,12.0,41.7,False,4,4.0,29.5,0.0,3.25,268.0,support,1.0,False,0.04950495049504951,0.0,16,Baixo,40.7
A-86cdb4,Company_250,DevTools,DE,2024-09-22,partner,Basic,2,False,False,323,3876,Basic,monthly,False,False,False,492,24,6,23.0,71.0,-67.6,True,23,5.0,105.8,0.0,4.333333333333333,29.0,,0.0,,0.04878048780487805,0.0,55,Alto,26.4
A-4bfa33,Company_251,Cybersecurity,US,2024-12-07,event,Basic,8,True,False,0,0,Enterprise,annual,False,False,False,329,17,6,52.0,22.0,136.4,False,5,4.0,84.75,0.0,3.6666666666666665,185.0,unknown,3.0,False,0.05167173252279635,0.0,20,Baixo,35.8
A-dbc825,Company_252,EdTech,FR,2024-01-07,partner,Enterprise,19,False,False,361,4332,Basic,annual,False,False,False,730,58,8,37.0,38.0,-2.6,False,1,6.0,108.16666666666667,1.0,4.0,90.0,budget,2.0,False,0.07945205479452055,0.16666666666666666,40,Médio,16.7
A-c70870,Company_253,Cybersecurity,US,2024-10-22,partner,Basic,31,False,False,4606,55272,Pro,annual,False,False,False,334,18,4,33.0,21.0,57.1,False,0,5.0,105.8,0.0,4.0,135.0,competitor,1.0,False,0.05389221556886228,0.0,16,Baixo,25.2
A-7c4956,Company_254,DevTools,US,2023-05-06,ads,Enterprise,5,False,True,513,6156,Basic,annual,False,False,False,475,40,6,24.0,13.0,84.6,False,5,3.0,66.66666666666667,0.0,4.0,9.0,,0.0,,0.08421052631578947,0.0,20,Baixo,50.8
A-0651a4,Company_255,HealthTech,FR,2024-10-16,organic,Pro,16,False,False,12935,155220,Enterprise,annual,False,False,False,705,37,8,31.0,43.0,-27.9,False,15,4.0,48.5,0.0,4.0,110.0,support,2.0,False,0.0524822695035461,0.0,20,Baixo,37.3
A-3ce5b8,Company_256,FinTech,IN,2023-09-07,ads,Basic,8,False,True,0,0,Enterprise,annual,False,False,False,509,29,5,18.0,29.0,-37.9,True,16,10.0,101.8,0.0,3.7142857142857144,46.0,features,1.0,False,0.05697445972495088,0.0,55,Alto,60.5
A-bd4708,Company_257,FinTech,US,2024-07-21,ads,Pro,37,True,False,7363,88356,Enterprise,monthly,False,False,False,653,30,7,30.0,25.0,20.0,False,1,4.0,90.75,0.0,3.5,18.0,,0.0,,0.045941807044410414,0.0,20,Baixo,37.1
A-993085,Company_258,HealthTech,US,2023-06-01,ads,Basic,31,True,False,8358,100296,Enterprise,monthly,True,False,True,665,50,7,13.0,16.0,-18.8,False,11,4.0,82.0,0.0,3.5,22.0,features,2.0,False,0.07518796992481203,0.0,20,Baixo,24.5
A-92a3af,Company_259,Cybersecurity,IN,2024-07-07,organic,Enterprise,25,False,False,1225,14700,Pro,monthly,False,False,False,714,55,8,19.0,45.0,-57.8,True,13,4.0,39.0,1.0,4.0,201.0,,0.0,,0.07703081232492998,0.25,75,Crítico,17.5
A-151c9a,Company_260,FinTech,US,2023-01-27,ads,Enterprise,23,False,False,2548,30576,Pro,monthly,False,False,False,366,14,1,23.0,0.0,100.0,False,2,2.0,156.5,0.0,3.5,213.0,support,1.0,False,0.03825136612021858,0.0,4,Baixo,40.3
A-474ad4,Company_261,EdTech,US,2023-11-28,organic,Basic,8,False,False,4776,57312,Enterprise,annual,False,False,False,605,45,6,11.0,40.0,-72.5,True,20,3.0,50.666666666666664,1.0,5.0,242.0,,0.0,,0.0743801652892562,0.3333333333333333,75,Crítico,24.1
A-4ef964,Company_262,HealthTech,US,2024-03-07,organic,Pro,17,False,False,1372,16464,Pro,monthly,False,False,False,487,33,6,82.0,17.0,382.4,False,8,3.0,86.33333333333333,0.0,4.0,36.0,budget,1.0,False,0.06776180698151951,0.0,20,Baixo,32.9
A-fd9422,Company_263,Cybersecurity,US,2024-04-04,organic,Pro,58,False,False,2842,34104,Pro,annual,False,True,False,456,21,5,36.0,33.0,9.1,False,1,6.0,116.83333333333333,1.0,3.5,9.0,,0.0,,0.046052631578947366,0.16666666666666666,40,Médio,24.8
A-0baac2,Company_264,FinTech,DE,2024-05-30,organic,Enterprise,14,False,True,2786,33432,Enterprise,monthly,False,False,True,202,9,0,,,0.0,False,61,6.0,89.0,0.0,4.333333333333333,108.0,unknown,4.0,False,0.04455445544554455,0.0,0,Baixo,46.4
A-bb1486,Company_265,HealthTech,US,2024-11-05,organic,Basic,41,False,False,3283,39396,Pro,annual,False,False,False,405,36,5,11.0,9.0,22.2,False,22,3.0,78.0,0.0,3.0,226.0,competitor,2.0,True,0.08888888888888889,0.0,20,Baixo,16.5
A-560d27,Company_266,DevTools,US,2024-05-05,organic,Pro,23,False,False,0,0,Basic,annual,False,False,False,587,38,6,,,0.0,False,64,4.0,59.75,0.0,3.6666666666666665,307.0,,0.0,,0.06473594548551959,0.0,20,Baixo,19.5
A-0b0d6d,Company_267,DevTools,US,2024-12-30,organic,Pro,3,False,False,1029,12348,Pro,annual,False,False,False,582,48,9,24.0,18.0,33.3,False,5,5.0,90.4,1.0,4.0,83.0,competitor,1.0,False,0.08247422680412371,0.2,40,Médio,20.7
A-2789e3,Company_268,FinTech,US,2024-09-14,partner,Enterprise,11,False,False,0,0,Pro,monthly,False,False,False,680,45,6,33.0,22.0,50.0,False,0,4.0,83.25,0.0,4.0,9.0,,0.0,,0.0661764705882353,0.0,20,Baixo,28.3
A-b07346,Company_269,HealthTech,US,2024-10-10,partner,Pro,51,False,True,0,0,Enterprise,annual,False,False,False,326,22,4,8.0,0.0,100.0,False,19,3.0,76.66666666666667,0.0,3.5,49.0,budget,1.0,False,0.06748466257668712,0.0,16,Baixo,51.0
A-902ef7,Company_270,HealthTech,US,2024-09-03,other,Enterprise,83,False,True,1577,18924,Basic,annual,False,False,False,414,24,5,,,0.0,False,71,2.0,85.0,0.0,4.0,177.0,pricing,1.0,False,0.057971014492753624,0.0,20,Baixo,48.6
A-20736a,Company_271,EdTech,IN,2024-03-16,organic,Enterprise,50,False,False,9950,119400,Enterprise,annual,True,False,False,430,22,5,18.0,0.0,100.0,False,2,4.0,78.25,0.0,3.75,17.0,competitor,1.0,False,0.05116279069767442,0.0,20,Baixo,33.1
A-e4bf56,Company_272,HealthTech,IN,2024-10-28,ads,Pro,17,False,True,4378,52536,Enterprise,monthly,False,False,False,339,10,1,18.0,29.0,-37.9,True,8,8.0,111.5,0.0,3.6666666666666665,126.0,,0.0,,0.029498525073746312,0.0,39,Médio,57.8
A-cea1f0,Company_273,FinTech,US,2024-04-07,event,Pro,8,False,True,1592,19104,Enterprise,annual,False,False,False,586,28,9,50.0,13.0,284.6,False,8,5.0,107.4,0.0,4.333333333333333,81.0,,0.0,,0.04778156996587031,0.0,20,Baixo,60.1
A-ef84cf,Company_274,EdTech,US,2024-03-01,partner,Enterprise,8,False,False,152,1824,Basic,monthly,False,False,False,309,11,3,27.0,14.0,92.9,False,0,5.0,79.4,1.0,4.333333333333333,59.0,support,3.0,True,0.03559870550161812,0.2,32,Médio,29.9
A-d49cc5,Company_275,Cybersecurity,FR,2023-09-19,event,Basic,50,False,False,950,11400,Basic,monthly,False,False,False,436,34,5,8.0,34.0,-76.5,True,3,4.0,55.25,0.0,4.5,10.0,competitor,1.0,False,0.0779816513761468,0.0,55,Alto,24.1
A-67be94,Company_276,EdTech,US,2023-04-04,organic,Enterprise,26,False,False,1274,15288,Pro,monthly,True,False,False,416,17,3,27.0,9.0,200.0,False,13,5.0,51.0,0.0,4.0,33.0,competitor,2.0,False,0.040865384615384616,0.0,12,Baixo,37.6
A-4e960a,Company_277,FinTech,US,2024-01-17,other,Enterprise,12,True,True,228,2736,Basic,monthly,False,False,False,512,21,5,29.0,48.0,-39.6,True,3,6.0,83.16666666666667,0.0,4.0,23.0,,0.0,,0.041015625,0.0,55,Alto,55.9
A-c37cab,Company_278,Cybersecurity,UK,2024-07-29,event,Pro,13,False,False,437,5244,Basic,annual,False,False,False,708,40,14,30.0,49.0,-38.8,True,1,4.0,101.25,1.0,3.75,278.0,competitor,2.0,False,0.05649717514124294,0.25,75,Crítico,36.3
A-533452,Company_279,DevTools,AU,2024-11-12,organic,Pro,9,False,False,988,11856,Basic,annual,False,False,False,595,44,10,17.0,21.0,-19.0,False,16,4.0,35.5,0.0,4.0,148.0,support,4.0,True,0.07394957983193277,0.0,20,Baixo,25.4
A-443b7c,Company_280,Cybersecurity,US,2024-09-06,other,Enterprise,1,False,True,152,1824,Basic,annual,False,False,False,618,29,8,36.0,21.0,71.4,False,4,8.0,49.0,0.0,4.4,165.0,,0.0,,0.04692556634304207,0.0,20,Baixo,63.7
A-1f7acb,Company_281,FinTech,UK,2023-08-06,ads,Basic,64,True,False,12736,152832,Enterprise,annual,False,False,False,510,47,7,11.0,8.0,37.5,False,18,7.0,129.57142857142858,0.0,4.4,26.0,,0.0,,0.09215686274509804,0.0,20,Baixo,18.8
A-f51f16,Company_282,HealthTech,US,2023-12-25,partner,Enterprise,1,False,False,38,456,Basic,annual,False,False,False,384,28,3,8.0,12.0,-33.3,True,23,4.0,91.0,0.0,3.0,174.0,competitor,2.0,False,0.07291666666666667,0.0,47,Médio,17.9
A-5a3eb9,Company_283,DevTools,CA,2023-08-20,other,Enterprise,18,True,False,882,10584,Pro,annual,False,False,True,722,34,7,10.0,28.0,-64.3,True,20,3.0,83.0,0.0,,267.0,competitor,3.0,False,0.04709141274238227,0.0,55,Alto,47.4
A-5f2961,Company_284,HealthTech,US,2024-11-22,partner,Basic,4,False,False,304,3648,Basic,annual,False,False,False,348,19,2,0.0,9.0,-100.0,True,57,1.0,19.0,0.0,,550.0,pricing,1.0,False,0.05459770114942529,0.0,43,Médio,23.2
A-417d2f,Company_285,Cybersecurity,IN,2023-07-04,partner,Pro,4,True,False,1617,19404,Pro,monthly,False,False,False,722,31,8,26.0,11.0,136.4,False,20,6.0,80.5,0.0,4.333333333333333,41.0,budget,1.0,False,0.04293628808864266,0.0,20,Baixo,27.2
A-e98302,Company_286,EdTech,US,2023-12-26,ads,Enterprise,16,True,False,2842,34104,Pro,annual,False,False,True,273,18,3,5.0,11.0,-54.5,True,19,9.0,99.44444444444444,0.0,4.142857142857143,36.0,,0.0,,0.06593406593406594,0.0,47,Médio,28.5
A-8bde0c,Company_287,DevTools,US,2024-11-04,organic,Basic,12,False,False,2388,28656,Enterprise,monthly,False,False,False,773,43,6,6.0,13.0,-53.8,True,25,3.0,86.33333333333333,0.0,4.0,54.0,pricing,2.0,False,0.055627425614489,0.0,55,Alto,37.3
A-bcf87c,Company_288,FinTech,US,2024-06-27,event,Pro,10,False,True,3383,40596,Enterprise,monthly,False,False,False,503,19,7,12.0,39.0,-69.2,True,17,2.0,49.5,0.0,4.0,357.0,,0.0,,0.03777335984095427,0.0,55,Alto,67.5
A-54ecc2,Company_289,Cybersecurity,US,2023-06-11,partner,Enterprise,4,False,False,5572,66864,Enterprise,monthly,False,False,False,607,39,6,18.0,39.0,-53.8,True,22,5.0,72.0,0.0,5.0,63.0,support,3.0,False,0.0642504118616145,0.0,55,Alto,24.3
A-625d0b,Company_290,EdTech,AU,2024-09-02,ads,Basic,9,False,False,1791,21492,Enterprise,annual,False,False,False,529,38,6,39.0,36.0,8.3,False,22,5.0,72.4,0.0,3.0,42.0,,0.0,,0.07183364839319471,0.0,20,Baixo,21.6
A-fce879,Company_291,EdTech,UK,2024-09-24,partner,Pro,10,True,True,399,4788,Basic,annual,False,False,False,299,14,1,0.0,16.0,-100.0,True,31,2.0,61.5,0.0,4.0,167.0,features,2.0,False,0.046822742474916385,0.0,39,Médio,57.5
A-b07b56,Company_292,DevTools,US,2024-11-08,event,Pro,25,False,True,0,0,Basic,annual,False,False,False,633,39,9,32.0,37.0,-13.5,False,2,4.0,93.75,0.0,3.0,62.0,budget,1.0,False,0.061611374407582936,0.0,20,Baixo,63.8
A-6da850,Company_293,FinTech,IN,2023-10-07,organic,Pro,5,False,False,114,1368,Basic,annual,False,False,True,714,54,8,15.0,16.0,-6.2,False,4,5.0,76.4,0.0,4.0,10.0,competitor,3.0,False,0.07563025210084033,0.0,20,Baixo,23.2
A-342303,Company_294,EdTech,US,2024-03-16,other,Pro,1,True,False,0,0,Enterprise,annual,False,False,False,141,5,1,0.0,7.0,-100.0,True,35,3.0,71.33333333333333,0.0,4.5,303.0,features,1.0,False,0.03546099290780142,0.0,39,Médio,24.5
A-e7a1e2,Company_295,Cybersecurity,US,2024-06-23,event,Enterprise,3,False,False,8756,105072,Enterprise,annual,False,False,False,703,36,3,44.0,50.0,-12.0,False,10,1.0,37.0,0.0,4.0,275.0,features,3.0,True,0.051209103840682786,0.0,12,Baixo,38.5
A-f1f639,Company_296,EdTech,US,2023-02-26,ads,Basic,2,False,False,1791,21492,Enterprise,monthly,False,False,False,139,10,4,23.0,0.0,100.0,False,11,7.0,67.57142857142857,0.0,4.8,26.0,budget,2.0,True,0.07194244604316546,0.0,16,Baixo,23.8
A-a865bd,Company_297,Cybersecurity,US,2023-09-19,organic,Pro,38,False,False,2744,32928,Pro,monthly,False,False,False,230,13,3,10.0,18.0,-44.4,True,13,2.0,21.5,0.0,3.0,39.0,unknown,2.0,False,0.05652173913043478,0.0,47,Médio,36.8
A-4e631b,Company_298,FinTech,US,2024-03-16,other,Enterprise,22,False,False,418,5016,Basic,annual,False,False,False,502,29,4,25.0,14.0,78.6,False,12,2.0,52.0,0.0,4.0,99.0,,0.0,,0.05776892430278884,0.0,16,Baixo,52.3
A-7f6b86,Company_299,HealthTech,US,2023-08-24,partner,Basic,45,True,True,855,10260,Basic,annual,False,False,False,420,14,3,18.0,0.0,100.0,False,5,7.0,96.57142857142857,0.0,3.6666666666666665,11.0,pricing,1.0,False,0.03333333333333333,0.0,12,Baixo,51.6
A-8adedc,Company_300,EdTech,US,2024-02-11,event,Basic,4,True,True,3332,39984,Pro,annual,False,False,False,583,33,5,30.0,7.0,328.6,False,0,4.0,56.75,0.0,4.0,134.0,,0.0,,0.05660377358490566,0.0,20,Baixo,65.9
A-2edab2,Company_301,HealthTech,US,2023-11-17,event,Enterprise,17,False,False,833,9996,Pro,monthly,False,False,False,487,26,5,25.0,18.0,38.9,False,9,4.0,102.25,0.0,3.0,169.0,features,2.0,False,0.053388090349075976,0.0,20,Baixo,49.6
A-149a69,Company_302,DevTools,US,2024-10-17,event,Basic,34,False,False,646,7752,Basic,monthly,False,False,False,208,9,1,,,0.0,False,136,8.0,120.875,0.0,4.2,73.0,pricing,1.0,False,0.04326923076923077,0.0,4,Baixo,19.9
A-a6d261,Company_303,FinTech,CA,2023-11-29,other,Pro,9,False,False,247,2964,Basic,annual,True,False,False,627,29,6,8.0,10.0,-20.0,False,1,4.0,63.25,1.0,4.666666666666667,26.0,unknown,1.0,False,0.046251993620414676,0.25,40,Médio,44.4
A-443f6f,Company_304,Cybersecurity,US,2024-12-07,organic,Basic,19,False,False,931,11172,Pro,monthly,False,False,False,527,28,4,38.0,8.0,375.0,False,5,4.0,122.25,0.0,4.666666666666667,63.0,,0.0,,0.05313092979127135,0.0,16,Baixo,35.2
A-202b67,Company_305,HealthTech,US,2024-03-22,organic,Pro,11,False,False,5771,69252,Enterprise,monthly,False,False,False,447,40,5,58.0,6.0,866.7,False,3,4.0,90.5,0.0,4.666666666666667,156.0,pricing,2.0,False,0.0894854586129754,0.0,20,Baixo,21.7
A-00bed1,Company_306,Cybersecurity,US,2023-11-14,ads,Basic,28,True,False,5572,66864,Enterprise,annual,False,False,False,514,27,2,13.0,9.0,44.4,False,17,4.0,106.25,0.0,4.0,229.0,unknown,1.0,False,0.05252918287937743,0.0,8,Baixo,34.9
A-ffc04f,Company_307,EdTech,US,2024-06-06,ads,Pro,13,False,False,247,2964,Basic,monthly,False,False,False,857,64,7,17.0,19.0,-10.5,False,22,7.0,58.57142857142857,1.0,4.5,232.0,unknown,1.0,False,0.07467911318553092,0.14285714285714285,40,Médio,17.8
A-65c341,Company_308,FinTech,US,2023-12-26,ads,Pro,11,True,False,1911,22932,Pro,monthly,False,False,True,410,18,4,13.0,0.0,100.0,False,6,5.0,87.8,0.0,4.0,239.0,unknown,2.0,False,0.04390243902439024,0.0,16,Baixo,40.7
A-dcc2f0,Company_309,FinTech,UK,2023-07-22,organic,Basic,15,False,False,608,7296,Basic,annual,False,False,False,833,26,8,9.0,8.0,12.5,False,5,2.0,100.0,0.0,,237.0,features,1.0,False,0.031212484993997598,0.0,20,Baixo,36.2
A-ced9aa,Company_310,DevTools,US,2024-10-05,other,Enterprise,3,False,False,147,1764,Pro,annual,False,False,False,531,39,5,15.0,0.0,100.0,False,25,7.0,102.85714285714286,0.0,3.0,231.0,,0.0,,0.07344632768361582,0.0,20,Baixo,18.1
A-3d957b,Company_311,HealthTech,UK,2024-04-04,other,Pro,14,False,False,2786,33432,Enterprise,annual,False,False,False,143,13,3,,,0.0,False,72,3.0,79.33333333333333,0.0,3.0,301.0,budget,1.0,False,0.09090909090909091,0.0,12,Baixo,17.1
A-89ee83,Company_312,Cybersecurity,US,2024-10-04,organic,Pro,1,False,True,3582,42984,Enterprise,monthly,False,False,False,565,26,6,24.0,36.0,-33.3,True,14,5.0,66.2,1.0,4.0,87.0,,0.0,,0.04601769911504425,0.2,75,Crítico,59.4
A-883b7d,Company_313,Cybersecurity,IN,2024-03-28,other,Basic,17,False,False,9950,119400,Enterprise,annual,False,False,False,644,40,7,54.0,24.0,125.0,False,1,7.0,62.285714285714285,1.0,3.6,30.0,,0.0,,0.062111801242236024,0.14285714285714285,40,Médio,31.6
A-dcc3f1,Company_314,HealthTech,US,2023-12-27,event,Pro,21,False,False,399,4788,Basic,annual,False,False,False,500,32,6,24.0,50.0,-52.0,True,7,9.0,83.44444444444444,0.0,3.8,122.0,features,2.0,False,0.064,0.0,55,Alto,42.8
A-c62e55,Company_315,EdTech,US,2023-02-08,partner,Basic,1,True,False,686,8232,Pro,annual,False,False,False,337,13,6,20.0,23.0,-13.0,False,19,4.0,101.25,0.0,4.0,285.0,,0.0,,0.03857566765578635,0.0,20,Baixo,22.2
A-e4144b,Company_316,EdTech,UK,2024-10-22,other,Pro,41,False,False,8159,97908,Enterprise,annual,False,False,False,439,21,5,30.0,16.0,87.5,False,8,3.0,172.33333333333334,0.0,4.0,277.0,,0.0,,0.04783599088838269,0.0,20,Baixo,30.6
A-e40f45,Company_317,HealthTech,US,2024-04-18,organic,Pro,21,False,False,399,4788,Basic,monthly,False,False,True,401,26,5,52.0,21.0,147.6,False,2,7.0,96.28571428571429,0.0,4.333333333333333,172.0,budget,1.0,False,0.06483790523690773,0.0,20,Baixo,30.1
A-96215d,Company_318,FinTech,US,2024-08-08,event,Enterprise,10,False,False,490,5880,Pro,annual,False,False,False,347,21,5,16.0,25.0,-36.0,True,25,1.0,115.0,0.0,3.0,515.0,,0.0,,0.06051873198847262,0.0,55,Alto,26.8
A-2b9d3e,Company_319,EdTech,US,2023-06-04,partner,Enterprise,1,False,False,398,4776,Enterprise,monthly,False,False,False,444,19,5,5.0,31.0,-83.9,True,14,3.0,79.33333333333333,0.0,5.0,190.0,,0.0,,0.04279279279279279,0.0,55,Alto,31.7
A-b7724f,Company_320,HealthTech,UK,2023-03-28,organic,Basic,1,False,False,551,6612,Basic,monthly,False,False,False,380,16,2,10.0,0.0,100.0,False,23,3.0,92.0,0.0,3.0,1.0,competitor,3.0,True,0.042105263157894736,0.0,8,Baixo,23.4
A-310452,Company_321,DevTools,FR,2024-12-25,other,Enterprise,9,False,False,441,5292,Pro,annual,False,False,False,268,16,4,0.0,27.0,-100.0,True,36,5.0,113.6,0.0,3.6,2.0,budget,2.0,False,0.05970149253731343,0.0,51,Alto,22.8
A-eb1312,Company_322,FinTech,US,2024-09-16,partner,Pro,25,False,False,475,5700,Basic,annual,False,False,False,663,38,4,15.0,47.0,-68.1,True,13,1.0,117.0,0.0,5.0,484.0,unknown,2.0,False,0.05731523378582202,0.0,51,Alto,38.0
A-df1e44,Company_323,Cybersecurity,UK,2024-02-23,organic,Enterprise,12,False,False,588,7056,Pro,monthly,False,False,False,420,14,5,23.0,30.0,-23.3,False,22,2.0,109.5,0.0,5.0,39.0,budget,2.0,False,0.03333333333333333,0.0,20,Baixo,32.4
A-6a7c9d,Company_324,Cybersecurity,US,2024-10-24,organic,Enterprise,26,False,True,1274,15288,Pro,annual,False,False,False,189,6,1,6.0,19.0,-68.4,True,13,3.0,60.0,0.0,4.0,138.0,support,2.0,False,0.031746031746031744,0.0,39,Médio,64.4
A-cbd1a3,Company_325,DevTools,US,2024-11-25,other,Basic,6,False,True,380,4560,Basic,annual,False,False,False,465,32,3,21.0,11.0,90.9,False,10,4.0,81.75,0.0,4.0,114.0,,0.0,,0.06881720430107527,0.0,12,Baixo,55.4
A-a8d89d,Company_326,EdTech,US,2023-12-08,ads,Pro,13,False,False,323,3876,Basic,annual,False,False,False,551,26,5,9.0,0.0,100.0,False,21,2.0,139.0,0.0,5.0,280.0,pricing,2.0,False,0.047186932849364795,0.0,20,Baixo,34.8
A-600734,Company_327,DevTools,US,2023-11-14,organic,Pro,29,True,True,1764,21168,Pro,monthly,False,False,False,660,30,11,39.0,25.0,56.0,False,5,7.0,89.42857142857143,1.0,3.6666666666666665,113.0,,0.0,,0.045454545454545456,0.14285714285714285,40,Médio,62.6
A-86fc1d,Company_328,DevTools,UK,2024-07-26,partner,Basic,26,False,False,0,0,Basic,monthly,False,False,False,363,26,3,39.0,26.0,50.0,False,1,5.0,59.2,0.0,4.0,7.0,support,1.0,False,0.07162534435261708,0.0,12,Baixo,20.9
A-78f02b,Company_329,HealthTech,US,2024-11-17,event,Enterprise,11,False,False,539,6468,Pro,annual,True,False,False,211,16,3,0.0,6.0,-100.0,True,32,4.0,55.0,0.0,4.0,83.0,budget,2.0,False,0.07582938388625593,0.0,47,Médio,19.9
A-acb7f7,Company_330,EdTech,US,2024-01-06,ads,Basic,32,False,False,608,7296,Basic,annual,False,False,False,612,36,10,34.0,66.0,-48.5,True,2,3.0,91.0,0.0,3.5,339.0,competitor,1.0,False,0.058823529411764705,0.0,55,Alto,46.9
A-712f1c,Company_331,DevTools,US,2023-12-16,ads,Basic,17,False,True,833,9996,Pro,annual,False,False,False,631,34,5,22.0,32.0,-31.2,True,2,6.0,88.83333333333333,0.0,4.0,144.0,budget,1.0,False,0.05388272583201268,0.0,55,Alto,60.2
A-3793ee,Company_332,Cybersecurity,CA,2023-03-21,organic,Enterprise,49,True,False,9751,117012,Enterprise,monthly,False,False,False,352,11,1,17.0,19.0,-10.5,False,12,4.0,100.25,0.0,4.0,188.0,unknown,1.0,False,0.03125,0.0,4,Baixo,29.4
A-9a532a,Company_333,HealthTech,US,2024-07-06,partner,Enterprise,11,False,False,2189,26268,Enterprise,monthly,False,False,False,185,15,4,,,0.0,False,71,2.0,128.5,0.0,,476.0,,0.0,,0.08108108108108109,0.0,16,Baixo,16.0
A-2ebb4b,Company_334,HealthTech,US,2023-05-15,ads,Basic,41,False,False,2009,24108,Pro,monthly,False,False,False,488,33,7,28.0,0.0,100.0,False,16,2.0,136.5,0.0,3.0,270.0,features,3.0,True,0.06762295081967214,0.0,20,Baixo,29.1
A-6843f2,Company_335,HealthTech,CA,2024-12-10,ads,Enterprise,21,False,False,1127,13524,Pro,annual,False,False,False,481,17,3,0.0,23.0,-100.0,True,35,2.0,78.0,0.0,3.0,248.0,,0.0,,0.035343035343035345,0.0,47,Médio,26.2
A-c9bb3e,Company_336,EdTech,US,2024-03-24,ads,Pro,5,False,False,190,2280,Basic,monthly,False,False,False,474,20,2,,,0.0,False,60,7.0,86.14285714285714,1.0,4.2,17.0,unknown,2.0,False,0.04219409282700422,0.14285714285714285,28,Médio,21.2
A-4814a3,Company_337,Cybersecurity,IN,2024-09-17,event,Basic,87,False,True,4263,51156,Pro,monthly,False,False,False,587,45,7,34.0,8.0,325.0,False,8,4.0,97.0,1.0,4.0,320.0,pricing,1.0,False,0.07666098807495741,0.25,40,Médio,58.0
A-b7b7b7,Company_338,FinTech,US,2024-06-30,event,Basic,24,False,True,1176,14112,Pro,annual,False,False,False,571,26,6,22.0,25.0,-12.0,False,19,3.0,99.0,0.0,5.0,122.0,,0.0,,0.04553415061295972,0.0,20,Baixo,56.1
A-ccc747,Company_339,HealthTech,FR,2024-01-12,event,Pro,16,False,True,304,3648,Basic,annual,False,False,False,284,13,3,7.0,13.0,-46.2,True,23,4.0,83.25,1.0,5.0,148.0,competitor,3.0,False,0.045774647887323945,0.25,67,Alto,49.7
A-bb3bd4,Company_340,HealthTech,US,2024-01-27,ads,Basic,23,False,False,437,5244,Basic,annual,False,False,False,315,11,1,14.0,0.0,100.0,False,19,11.0,106.36363636363636,0.0,4.142857142857143,17.0,unknown,2.0,False,0.03492063492063492,0.0,4,Baixo,34.4
A-09316c,Company_341,FinTech,AU,2024-09-11,organic,Enterprise,70,False,False,13930,167160,Enterprise,annual,False,False,False,566,31,5,39.0,16.0,143.8,False,4,4.0,106.25,1.0,3.75,11.0,unknown,1.0,False,0.054770318021201414,0.25,40,Médio,32.1
A-96bbc6,Company_342,Cybersecurity,US,2024-05-07,organic,Enterprise,39,False,False,741,8892,Basic,monthly,False,True,False,482,25,5,45.0,42.0,7.1,False,5,3.0,67.0,0.0,3.3333333333333335,423.0,budget,3.0,True,0.05186721991701245,0.0,20,Baixo,41.4
A-bc4d48,Company_343,EdTech,US,2024-06-12,ads,Pro,35,True,False,665,7980,Basic,annual,False,False,False,321,9,1,10.0,6.0,66.7,False,8,6.0,65.83333333333333,1.0,4.2,43.0,,0.0,,0.028037383177570093,0.16666666666666666,24,Baixo,38.2
A-b30291,Company_344,HealthTech,US,2024-04-05,event,Basic,5,True,True,245,2940,Pro,annual,False,False,False,519,31,8,31.0,11.0,181.8,False,14,1.0,1.0,0.0,,596.0,competitor,1.0,False,0.05973025048169557,0.0,20,Baixo,68.4
A-cdf020,Company_345,DevTools,AU,2023-08-16,organic,Pro,23,False,False,2156,25872,Pro,monthly,False,False,False,379,18,4,0.0,26.0,-100.0,True,36,4.0,39.25,0.0,4.0,262.0,support,2.0,True,0.047493403693931395,0.0,51,Alto,34.5
A-e6afc1,Company_346,DevTools,US,2023-02-24,ads,Pro,1,False,False,0,0,Pro,monthly,False,False,False,679,30,6,11.0,7.0,57.1,False,15,0.0,0.0,0.0,,999.0,,0.0,,0.044182621502209134,0.0,20,Baixo,37.6
A-e3bd71,Company_347,Cybersecurity,US,2023-03-25,partner,Basic,31,False,False,1519,18228,Pro,annual,False,False,False,638,27,3,11.0,59.0,-81.4,True,11,4.0,119.0,0.0,4.0,341.0,support,1.0,False,0.04231974921630094,0.0,47,Médio,28.5
A-b179bf,Company_348,Cybersecurity,IN,2024-10-27,ads,Basic,43,False,False,0,0,Pro,annual,False,False,False,398,18,5,15.0,0.0,100.0,False,14,6.0,94.33333333333333,0.0,4.0,59.0,features,3.0,False,0.04522613065326633,0.0,20,Baixo,30.7
A-098560,Company_349,DevTools,UK,2023-10-21,ads,Enterprise,1,False,True,796,9552,Enterprise,monthly,False,False,False,567,32,8,20.0,12.0,66.7,False,9,2.0,100.0,1.0,3.0,3.0,pricing,2.0,False,0.0564373897707231,0.5,40,Médio,62.1
A-82861f,Company_350,DevTools,UK,2024-04-25,organic,Basic,41,False,False,8159,97908,Enterprise,annual,False,False,False,462,43,4,11.0,19.0,-42.1,True,25,5.0,55.0,0.0,3.2,13.0,support,1.0,False,0.09307359307359307,0.0,51,Alto,12.7
A-94c3cd,Company_351,FinTech,CA,2023-09-20,other,Enterprise,32,False,False,6368,76416,Enterprise,monthly,False,False,False,306,18,4,25.0,0.0,100.0,False,20,4.0,116.5,1.0,3.5,136.0,,0.0,,0.058823529411764705,0.25,36,Médio,33.1
A-a33200,Company_352,HealthTech,US,2024-09-15,partner,Basic,29,False,False,551,6612,Basic,monthly,False,False,False,517,26,5,10.0,36.0,-72.2,True,20,3.0,88.33333333333333,0.0,4.5,233.0,features,1.0,False,0.05029013539651837,0.0,55,Alto,37.4
A-034368,Company_353,EdTech,US,2023-11-05,event,Enterprise,19,False,False,4577,54924,Enterprise,monthly,False,False,False,265,25,4,7.0,15.0,-53.3,True,18,5.0,91.8,0.0,4.0,241.0,features,1.0,False,0.09433962264150944,0.0,51,Alto,17.5
A-b54c01,Company_354,DevTools,US,2024-09-29,event,Enterprise,29,False,False,551,6612,Basic,annual,False,False,False,226,17,3,,,0.0,False,87,5.0,77.2,0.0,3.0,359.0,budget,1.0,False,0.0752212389380531,0.0,12,Baixo,14.1
A-d82ef9,Company_355,EdTech,UK,2024-07-02,other,Basic,26,False,True,494,5928,Basic,monthly,False,False,False,679,46,5,26.0,57.0,-54.4,True,2,5.0,91.6,1.0,4.25,0.0,budget,1.0,False,0.06774668630338733,0.2,75,Crítico,53.5
A-bb2f49,Company_356,Cybersecurity,US,2023-05-28,other,Pro,8,False,False,1372,16464,Pro,monthly,False,False,False,618,42,2,28.0,14.0,100.0,False,1,3.0,102.33333333333333,0.0,4.0,277.0,,0.0,,0.06796116504854369,0.0,8,Baixo,26.7
A-1f559b,Company_357,HealthTech,US,2023-09-04,organic,Enterprise,5,True,True,190,2280,Basic,annual,False,False,False,400,27,4,0.0,45.0,-100.0,True,40,5.0,116.2,0.0,4.2,21.0,features,1.0,False,0.0675,0.0,51,Alto,48.3
A-5a215a,Company_358,EdTech,FR,2024-01-05,other,Enterprise,87,False,False,4263,51156,Pro,annual,False,False,False,807,71,8,22.0,40.0,-45.0,True,7,4.0,38.0,0.0,4.0,25.0,,0.0,,0.08798017348203221,0.0,55,Alto,18.9
A-3f9cc0,Company_359,HealthTech,US,2024-06-03,event,Basic,22,False,False,5970,71640,Enterprise,monthly,False,False,False,407,24,0,18.0,0.0,100.0,False,11,5.0,112.6,1.0,4.5,58.0,budget,3.0,True,0.05896805896805897,0.2,20,Baixo,42.2
A-f9cc74,Company_360,DevTools,FR,2024-10-12,partner,Enterprise,30,True,False,0,0,Pro,monthly,False,False,False,484,22,7,13.0,24.0,-45.8,True,0,6.0,118.33333333333333,0.0,4.0,22.0,,0.0,,0.045454545454545456,0.0,55,Alto,31.3
A-ed510f,Company_361,Cybersecurity,IN,2023-01-17,partner,Basic,42,False,False,2058,24696,Pro,monthly,False,False,False,493,28,5,28.0,13.0,115.4,False,14,9.0,82.55555555555556,0.0,4.0,109.0,budget,1.0,False,0.056795131845841784,0.0,20,Baixo,36.0
A-5c9849,Company_362,EdTech,IN,2024-11-03,partner,Basic,19,False,False,931,11172,Pro,monthly,True,False,False,473,23,2,10.0,6.0,66.7,False,13,4.0,41.0,1.0,,335.0,unknown,1.0,False,0.048625792811839326,0.25,28,Médio,32.9
A-a7bd4b,Company_363,Cybersecurity,US,2023-02-15,ads,Enterprise,5,False,False,342,4104,Basic,monthly,False,False,False,576,37,5,45.0,27.0,66.7,False,3,6.0,86.16666666666667,0.0,3.25,54.0,features,1.0,False,0.0642361111111111,0.0,20,Baixo,33.8
A-d4ac0e,Company_364,DevTools,UK,2024-04-20,ads,Basic,18,False,False,882,10584,Pro,monthly,False,False,False,793,53,9,22.0,31.0,-29.0,False,5,4.0,34.0,0.0,3.5,69.0,,0.0,,0.06683480453972257,0.0,20,Baixo,30.3
A-ffdfd5,Company_365,EdTech,US,2024-04-13,organic,Basic,3,False,True,147,1764,Pro,monthly,False,False,True,529,28,4,18.0,23.0,-21.7,False,10,0.0,0.0,0.0,,999.0,features,1.0,False,0.052930056710775046,0.0,16,Baixo,65.4
A-0dbdc6,Company_366,Cybersecurity,DE,2023-02-12,other,Pro,30,False,True,2303,27636,Pro,annual,False,False,False,512,31,6,25.0,0.0,100.0,False,0,4.0,95.25,0.0,5.0,82.0,pricing,2.0,False,0.060546875,0.0,20,Baixo,53.7
A-7cfe77,Company_367,DevTools,US,2024-07-10,ads,Pro,69,False,False,1311,15732,Basic,annual,False,False,False,205,11,1,7.0,0.0,100.0,False,0,7.0,105.57142857142857,0.0,3.5,80.0,features,2.0,False,0.05365853658536585,0.0,4,Baixo,37.9
A-1f0636,Company_368,EdTech,AU,2024-01-01,partner,Pro,105,False,False,20895,250740,Enterprise,annual,False,False,False,685,30,4,42.0,27.0,55.6,False,2,2.0,75.0,0.0,3.5,131.0,,0.0,,0.043795620437956206,0.0,16,Baixo,29.5
A-40de06,Company_369,Cybersecurity,US,2023-05-08,event,Enterprise,28,False,True,532,6384,Basic,annual,False,True,False,902,43,14,61.0,43.0,41.9,False,14,3.0,67.66666666666667,0.0,4.0,317.0,,0.0,,0.04767184035476718,0.0,20,Baixo,66.7
A-cb5333,Company_370,DevTools,US,2024-03-26,ads,Pro,33,False,False,1617,19404,Pro,monthly,False,False,False,796,34,8,27.0,29.0,-6.9,False,10,4.0,85.75,0.0,3.0,402.0,features,1.0,False,0.04271356783919598,0.0,20,Baixo,42.1
A-309e54,Company_371,DevTools,US,2024-12-09,other,Pro,15,False,False,285,3420,Basic,annual,False,False,False,509,24,3,8.0,22.0,-63.6,True,14,5.0,90.2,0.0,3.0,98.0,support,1.0,False,0.047151277013752456,0.0,47,Médio,43.0
A-6e7827,Company_372,DevTools,US,2023-03-26,other,Basic,1,False,False,833,9996,Pro,annual,False,False,False,419,31,3,12.0,21.0,-42.9,True,10,2.0,83.5,0.0,3.5,44.0,features,2.0,False,0.07398568019093078,0.0,47,Médio,42.7
A-50bb9f,Company_373,Cybersecurity,US,2024-07-12,organic,Pro,2,False,False,2646,31752,Pro,annual,False,False,False,276,15,5,13.0,0.0,100.0,False,8,7.0,74.71428571428571,0.0,4.0,136.0,unknown,2.0,True,0.05434782608695652,0.0,20,Baixo,35.1
A-5fe118,Company_374,Cybersecurity,US,2024-11-07,other,Enterprise,39,False,False,0,0,Basic,monthly,False,False,False,233,12,5,13.0,0.0,100.0,False,12,1.0,26.0,0.0,4.0,525.0,features,1.0,False,0.05150214592274678,0.0,20,Baixo,29.6
A-5247b3,Company_375,FinTech,UK,2024-03-12,partner,Pro,16,True,False,1406,16872,Basic,annual,True,False,False,610,29,9,18.0,15.0,20.0,False,25,5.0,96.6,0.0,4.0,114.0,pricing,2.0,False,0.047540983606557376,0.0,20,Baixo,30.7
A-f44180,Company_376,Cybersecurity,UK,2023-02-13,event,Pro,9,False,False,0,0,Basic,annual,False,False,False,520,22,10,30.0,9.0,233.3,False,16,2.0,123.0,0.0,5.0,247.0,competitor,1.0,False,0.04230769230769231,0.0,20,Baixo,33.1
A-c16cf7,Company_377,EdTech,US,2024-10-16,event,Pro,13,True,False,665,7980,Basic,annual,False,False,False,577,26,8,18.0,18.0,0.0,False,3,3.0,111.66666666666667,0.0,3.5,68.0,support,2.0,False,0.045060658578856154,0.0,20,Baixo,47.0
A-d42431,Company_378,FinTech,FR,2024-06-09,ads,Enterprise,22,True,False,4378,52536,Enterprise,annual,False,False,False,457,34,6,12.0,23.0,-47.8,True,25,4.0,119.5,0.0,4.0,146.0,budget,2.0,False,0.07439824945295405,0.0,55,Alto,18.7
A-6965e1,Company_379,DevTools,US,2024-11-25,organic,Basic,13,False,False,247,2964,Basic,monthly,False,False,False,627,29,4,21.0,9.0,133.3,False,3,3.0,128.33333333333334,0.0,3.0,157.0,features,3.0,False,0.046251993620414676,0.0,16,Baixo,37.6
A-0354fe,Company_380,Cybersecurity,US,2024-10-22,other,Basic,34,False,False,0,0,Basic,annual,False,False,False,463,30,3,41.0,17.0,141.2,False,0,4.0,69.25,0.0,4.0,31.0,support,2.0,False,0.06479481641468683,0.0,12,Baixo,33.1
A-0a62f5,Company_381,FinTech,UK,2024-09-11,partner,Pro,16,False,False,475,5700,Basic,monthly,False,False,False,244,7,2,0.0,11.0,-100.0,True,41,2.0,105.0,0.0,,35.0,support,5.0,False,0.028688524590163935,0.0,43,Médio,20.6
A-f5641b,Company_382,EdTech,US,2024-03-30,other,Pro,31,False,False,8955,107460,Enterprise,monthly,False,False,False,438,18,4,20.0,35.0,-42.9,True,20,4.0,98.0,1.0,3.0,108.0,features,2.0,False,0.0410958904109589,0.25,71,Alto,33.5
A-b44e3e,Company_383,Cybersecurity,UK,2024-02-12,ads,Basic,40,False,False,7960,95520,Enterprise,annual,False,False,True,387,13,4,0.0,35.0,-100.0,True,32,3.0,75.33333333333333,0.0,4.333333333333333,191.0,unknown,1.0,False,0.03359173126614987,0.0,51,Alto,27.0
A-3b37d9,Company_384,FinTech,US,2023-01-27,event,Enterprise,23,False,False,4577,54924,Enterprise,annual,False,False,False,451,21,2,11.0,26.0,-57.7,True,17,5.0,89.8,0.0,4.5,99.0,support,2.0,False,0.04656319290465632,0.0,43,Médio,44.3
A-54d94a,Company_385,Cybersecurity,IN,2023-05-01,event,Basic,27,False,False,513,6156,Basic,annual,False,False,False,582,28,7,25.0,21.0,19.0,False,1,4.0,82.75,0.0,3.5,159.0,,0.0,,0.048109965635738834,0.0,20,Baixo,48.5
A-7f29a7,Company_386,Cybersecurity,UK,2024-09-18,event,Basic,41,True,False,779,9348,Basic,monthly,False,False,False,619,38,9,11.0,9.0,22.2,False,17,1.0,5.0,0.0,4.0,176.0,unknown,1.0,False,0.061389337641357025,0.0,20,Baixo,41.4
A-089363,Company_387,FinTech,AU,2023-05-06,event,Basic,2,False,False,0,0,Enterprise,annual,False,False,False,628,33,9,18.0,23.0,-21.7,False,26,3.0,91.33333333333333,0.0,3.6666666666666665,116.0,pricing,1.0,False,0.052547770700636945,0.0,20,Baixo,36.6
A-524364,Company_388,DevTools,FR,2024-12-31,partner,Enterprise,3,False,False,0,0,Enterprise,annual,False,False,False,237,24,2,,,0.0,False,99,3.0,75.33333333333333,0.0,4.333333333333333,67.0,,0.0,,0.10126582278481013,0.0,8,Baixo,15.3
A-855a48,Company_389,EdTech,US,2023-12-22,partner,Pro,14,True,False,11940,143280,Enterprise,annual,False,False,False,448,16,7,0.0,12.0,-100.0,True,42,5.0,122.0,0.0,3.6666666666666665,174.0,unknown,1.0,False,0.03571428571428571,0.0,55,Alto,18.5
A-756192,Company_390,FinTech,IN,2023-06-11,other,Basic,19,False,False,1862,22344,Pro,annual,False,False,False,617,43,3,22.0,8.0,175.0,False,2,3.0,102.33333333333333,0.0,4.0,198.0,,0.0,,0.06969205834683954,0.0,12,Baixo,28.8
A-49b828,Company_391,FinTech,IN,2023-05-05,ads,Pro,6,False,False,3980,47760,Enterprise,annual,False,False,False,687,45,10,11.0,35.0,-68.6,True,10,3.0,87.66666666666667,1.0,3.5,88.0,,0.0,,0.06550218340611354,0.3333333333333333,75,Crítico,38.2
A-c7ffc2,Company_392,Cybersecurity,US,2023-01-27,partner,Pro,30,True,False,931,11172,Basic,monthly,False,False,False,640,28,6,31.0,14.0,121.4,False,1,2.0,86.0,0.0,3.0,307.0,features,2.0,False,0.04375,0.0,20,Baixo,30.9
A-751c58,Company_393,FinTech,UK,2024-07-18,organic,Basic,15,False,False,1349,16188,Basic,annual,False,False,False,574,12,3,40.0,34.0,17.6,False,2,5.0,130.0,0.0,4.333333333333333,58.0,budget,3.0,True,0.020905923344947737,0.0,12,Baixo,37.4
A-72799b,Company_394,DevTools,FR,2023-11-13,event,Enterprise,20,False,True,2989,35868,Pro,annual,False,False,False,550,34,10,17.0,21.0,-19.0,False,4,2.0,80.0,1.0,4.5,116.0,pricing,1.0,False,0.06181818181818182,0.5,40,Médio,69.4
A-812c5b,Company_395,DevTools,CA,2024-02-25,organic,Basic,55,False,True,2695,32340,Pro,monthly,False,False,False,866,46,11,25.0,23.0,8.7,False,3,4.0,88.25,0.0,4.0,125.0,support,1.0,False,0.053117782909930716,0.0,20,Baixo,66.2
A-69b156,Company_396,EdTech,US,2023-11-21,other,Pro,7,False,True,152,1824,Basic,monthly,False,False,True,360,20,2,20.0,0.0,100.0,False,19,7.0,100.57142857142857,0.0,4.0,121.0,,0.0,,0.05555555555555555,0.0,8,Baixo,50.3
A-075038,Company_397,HealthTech,UK,2023-05-12,ads,Basic,17,False,False,798,9576,Basic,monthly,False,False,False,743,31,9,13.0,24.0,-45.8,True,10,2.0,54.0,0.0,3.0,77.0,features,1.0,False,0.04172274562584118,0.0,55,Alto,49.2
A-940b8b,Company_398,HealthTech,DE,2024-03-19,organic,Basic,1,False,False,0,0,Enterprise,annual,False,False,False,362,32,3,,,0.0,False,64,3.0,89.33333333333333,0.0,4.0,67.0,,0.0,,0.08839779005524862,0.0,12,Baixo,12.1
A-2d1036,Company_399,FinTech,US,2024-06-14,ads,Pro,69,False,True,3381,40572,Pro,monthly,False,False,False,692,40,10,44.0,22.0,100.0,False,1,5.0,49.0,1.0,4.6,31.0,pricing,2.0,True,0.057803468208092484,0.2,40,Médio,58.5
A-0f6450,Company_400,FinTech,US,2024-12-27,other,Pro,28,True,True,5572,66864,Enterprise,monthly,False,False,False,539,39,8,0.0,7.0,-100.0,True,53,8.0,81.625,1.0,3.8333333333333335,308.0,competitor,2.0,False,0.07235621521335807,0.125,75,Crítico,55.7
A-9affe6,Company_401,Cybersecurity,US,2023-03-22,other,Pro,7,False,False,1127,13524,Pro,monthly,False,False,False,473,16,3,53.0,0.0,100.0,False,0,3.0,76.0,0.0,3.0,134.0,features,1.0,False,0.03382663847780127,0.0,12,Baixo,42.5
A-80eeb6,Company_402,Cybersecurity,UK,2023-05-09,organic,Enterprise,22,False,False,4378,52536,Enterprise,annual,False,False,True,725,43,9,42.0,23.0,82.6,False,8,4.0,68.25,1.0,3.6666666666666665,517.0,budget,2.0,False,0.05931034482758621,0.25,40,Médio,31.2
A-d4e0d4,Company_403,FinTech,US,2024-10-18,other,Basic,117,False,False,23283,279396,Enterprise,annual,True,False,False,488,33,6,5.0,8.0,-37.5,True,27,4.0,76.25,0.0,4.0,135.0,,0.0,,0.06762295081967214,0.0,55,Alto,21.5
A-c7e58b,Company_404,HealthTech,IN,2023-06-25,other,Pro,3,False,False,0,0,Pro,monthly,False,False,False,343,18,1,0.0,19.0,-100.0,True,42,5.0,98.4,0.0,3.5,15.0,,0.0,,0.052478134110787174,0.0,39,Médio,18.7
A-016043,Company_405,EdTech,CA,2024-07-31,organic,Basic,4,True,False,494,5928,Basic,monthly,False,False,False,490,21,3,24.0,0.0,100.0,False,0,3.0,78.0,0.0,4.0,20.0,competitor,1.0,False,0.04285714285714286,0.0,12,Baixo,34.0
A-bbe56f,Company_406,HealthTech,US,2023-02-16,ads,Enterprise,21,False,False,418,5016,Basic,annual,False,False,False,232,8,4,8.0,14.0,-42.9,True,29,4.0,120.5,0.0,4.0,31.0,,0.0,,0.034482758620689655,0.0,51,Alto,22.1
A-7c5768,Company_407,HealthTech,UK,2024-03-02,event,Enterprise,3,False,False,0,0,Enterprise,monthly,False,False,False,461,31,4,13.0,11.0,18.2,False,29,5.0,96.4,0.0,4.0,40.0,,0.0,,0.06724511930585683,0.0,16,Baixo,22.9
A-751bd4,Company_408,Cybersecurity,UK,2024-07-12,partner,Pro,10,False,False,0,0,Pro,annual,False,False,False,92,0,0,10.0,20.0,-50.0,True,13,6.0,112.0,1.0,4.25,48.0,budget,1.0,False,0.0,0.16666666666666666,55,Alto,28.3
A-4e0e85,Company_409,DevTools,US,2023-09-08,organic,Enterprise,6,False,False,0,0,Enterprise,annual,True,False,False,288,9,2,10.0,19.0,-47.4,True,3,2.0,119.5,0.0,5.0,92.0,pricing,2.0,False,0.03125,0.0,43,Médio,40.6
A-ad3abd,Company_410,FinTech,US,2023-03-03,event,Pro,44,False,False,2156,25872,Pro,monthly,False,False,False,296,11,1,0.0,7.0,-100.0,True,40,3.0,70.33333333333333,0.0,3.0,58.0,competitor,1.0,False,0.037162162162162164,0.0,39,Médio,23.3
A-e19ff6,Company_411,Cybersecurity,UK,2023-07-28,partner,Enterprise,1,False,False,1274,15288,Pro,monthly,False,False,False,456,24,1,10.0,22.0,-54.5,True,15,3.0,115.0,0.0,4.666666666666667,357.0,competitor,3.0,False,0.05263157894736842,0.0,39,Médio,31.3
A-7920cc,Company_412,Cybersecurity,FR,2023-11-23,ads,Pro,39,False,False,13731,164772,Enterprise,annual,False,False,False,601,28,4,32.0,40.0,-20.0,False,11,7.0,113.42857142857143,0.0,4.333333333333333,71.0,,0.0,,0.04658901830282862,0.0,16,Baixo,36.3
A-5a92e7,Company_413,HealthTech,US,2024-06-11,ads,Pro,4,False,False,0,0,Pro,monthly,False,False,False,885,76,8,39.0,38.0,2.6,False,7,7.0,86.14285714285714,0.0,4.4,82.0,budget,2.0,False,0.08587570621468926,0.0,20,Baixo,21.8
A-fdfc91,Company_414,Cybersecurity,US,2023-05-06,ads,Basic,29,False,False,2109,25308,Basic,monthly,False,False,False,564,29,1,0.0,20.0,-100.0,True,42,5.0,121.0,0.0,3.6666666666666665,44.0,,0.0,,0.051418439716312055,0.0,39,Médio,22.0
A-1e50e0,Company_415,Cybersecurity,DE,2023-02-21,other,Pro,19,True,True,3781,45372,Enterprise,annual,False,False,False,194,15,2,7.0,0.0,100.0,False,21,2.0,143.0,1.0,5.0,63.0,pricing,2.0,False,0.07731958762886598,0.5,28,Médio,55.2
A-1e1b80,Company_416,FinTech,CA,2023-09-12,other,Enterprise,50,False,False,950,11400,Basic,annual,True,False,False,682,47,2,10.0,32.0,-68.8,True,13,6.0,67.5,0.0,3.2,130.0,features,3.0,False,0.0689149560117302,0.0,43,Médio,29.8
A-659280,Company_417,FinTech,IN,2023-11-17,event,Enterprise,13,True,True,0,0,Basic,annual,False,False,False,613,34,6,45.0,26.0,73.1,False,7,4.0,123.75,0.0,4.333333333333333,128.0,pricing,2.0,False,0.05546492659053834,0.0,20,Baixo,62.5
A-f6b2fb,Company_418,DevTools,AU,2024-04-23,event,Basic,23,False,False,437,5244,Basic,monthly,False,False,False,524,37,8,16.0,0.0,100.0,False,7,5.0,88.6,1.0,4.0,347.0,support,1.0,False,0.07061068702290077,0.2,40,Médio,36.1
A-cb6cc6,Company_419,DevTools,US,2023-04-03,ads,Basic,13,True,False,1225,14700,Pro,monthly,False,False,False,314,26,0,14.0,18.0,-22.2,False,10,3.0,131.66666666666666,0.0,3.5,36.0,,0.0,,0.08280254777070063,0.0,0,Baixo,32.5
A-d62e02,Company_420,Cybersecurity,US,2024-08-20,partner,Pro,6,False,False,1194,14328,Enterprise,monthly,False,False,False,344,23,4,38.0,17.0,123.5,False,9,1.0,31.0,0.0,4.0,241.0,,0.0,,0.06686046511627906,0.0,16,Baixo,25.1
A-d535f6,Company_421,DevTools,US,2024-09-03,organic,Basic,12,True,True,0,0,Enterprise,monthly,False,True,False,477,29,4,17.0,0.0,100.0,False,6,0.0,0.0,0.0,,999.0,features,2.0,False,0.06079664570230608,0.0,16,Baixo,61.8
A-39868b,Company_422,FinTech,AU,2024-03-17,partner,Pro,9,False,False,0,0,Basic,annual,False,False,False,305,21,5,11.0,30.0,-63.3,True,17,6.0,100.83333333333333,0.0,4.25,280.0,budget,2.0,True,0.06885245901639345,0.0,55,Alto,24.6
A-3cc791,Company_423,EdTech,US,2024-01-10,other,Enterprise,6,False,False,1764,21168,Pro,monthly,False,False,False,447,30,5,0.0,13.0,-100.0,True,36,6.0,95.83333333333333,1.0,4.25,22.0,features,1.0,True,0.06711409395973154,0.16666666666666666,75,Crítico,28.2
A-337bc1,Company_424,Cybersecurity,US,2023-07-19,organic,Pro,30,True,False,0,0,Pro,annual,False,True,False,425,34,4,9.0,10.0,-10.0,False,26,4.0,62.75,1.0,4.0,30.0,unknown,2.0,False,0.08,0.25,36,Médio,14.9
A-58b9ff,Company_425,DevTools,IN,2024-05-31,partner,Enterprise,2,False,False,1617,19404,Pro,monthly,False,False,False,667,32,7,32.0,22.0,45.5,False,12,2.0,79.0,1.0,4.0,397.0,pricing,1.0,False,0.047976011994003,0.5,40,Médio,35.2
A-bf7919,Company_426,HealthTech,US,2024-11-27,organic,Pro,3,False,False,0,0,Enterprise,annual,False,False,False,262,14,4,0.0,12.0,-100.0,True,39,2.0,81.5,0.0,5.0,63.0,features,2.0,False,0.05343511450381679,0.0,51,Alto,22.7
A-1d5444,Company_427,Cybersecurity,US,2024-01-18,partner,Basic,24,False,True,0,0,Basic,annual,True,False,False,592,35,6,13.0,49.0,-73.5,True,10,2.0,62.5,0.0,4.0,20.0,support,1.0,False,0.05912162162162162,0.0,55,Alto,63.4
A-0f3e88,Company_428,HealthTech,US,2023-07-23,other,Basic,7,False,True,343,4116,Pro,monthly,False,False,True,598,28,6,35.0,53.0,-34.0,True,2,3.0,67.0,0.0,4.5,75.0,budget,1.0,False,0.046822742474916385,0.0,55,Alto,68.6
A-7641d3,Company_429,EdTech,US,2023-02-16,partner,Pro,8,True,True,190,2280,Basic,annual,False,False,False,519,26,4,22.0,32.0,-31.2,True,7,5.0,124.6,2.0,4.333333333333333,17.0,unknown,2.0,False,0.05009633911368015,0.4,71,Alto,59.8
A-cd458b,Company_430,DevTools,US,2024-06-15,other,Basic,10,True,False,1990,23880,Enterprise,monthly,False,True,False,864,45,2,40.0,46.0,-13.0,False,0,5.0,81.2,0.0,4.6,29.0,budget,1.0,False,0.052083333333333336,0.0,8,Baixo,37.3
A-c16b88,Company_431,HealthTech,US,2023-12-02,event,Enterprise,23,False,False,4577,54924,Enterprise,annual,False,False,False,457,24,6,0.0,10.0,-100.0,True,42,3.0,137.66666666666666,0.0,3.0,266.0,competitor,1.0,False,0.0525164113785558,0.0,55,Alto,21.0
A-59f724,Company_432,HealthTech,US,2023-11-03,other,Enterprise,3,True,False,342,4104,Basic,monthly,False,False,False,696,47,6,9.0,56.0,-83.9,True,24,4.0,94.5,0.0,4.25,16.0,,0.0,,0.06752873563218391,0.0,55,Alto,21.9
A-87aa7b,Company_433,HealthTech,US,2024-05-16,organic,Pro,24,True,False,2499,29988,Pro,monthly,True,False,False,742,35,6,27.0,36.0,-25.0,False,5,3.0,72.66666666666667,1.0,,2.0,budget,3.0,False,0.04716981132075472,0.3333333333333333,40,Médio,37.0
A-1e6fc3,Company_434,EdTech,FR,2023-12-06,other,Pro,1,False,False,199,2388,Enterprise,annual,False,False,False,244,19,1,,,0.0,False,88,5.0,88.6,0.0,3.6666666666666665,298.0,pricing,1.0,False,0.0778688524590164,0.0,4,Baixo,14.4
A-39ddf4,Company_435,EdTech,US,2024-12-05,partner,Enterprise,40,False,False,7960,95520,Enterprise,monthly,False,False,False,455,36,6,7.0,22.0,-68.2,True,16,5.0,76.2,0.0,4.25,78.0,support,1.0,False,0.07912087912087912,0.0,55,Alto,17.3
A-34ea2f,Company_436,HealthTech,US,2024-08-15,organic,Enterprise,8,False,True,3184,38208,Enterprise,annual,False,False,False,550,30,3,39.0,37.0,5.4,False,4,8.0,65.625,0.0,3.8,83.0,unknown,2.0,False,0.05454545454545454,0.0,12,Baixo,66.8
A-716841,Company_437,FinTech,US,2024-05-06,other,Pro,45,False,False,8955,107460,Enterprise,monthly,False,False,False,344,13,1,14.0,12.0,16.7,False,11,5.0,112.8,0.0,4.0,250.0,unknown,1.0,False,0.0377906976744186,0.0,4,Baixo,30.7
A-558c72,Company_438,FinTech,US,2023-06-01,organic,Basic,12,False,False,735,8820,Pro,annual,False,False,False,296,16,4,5.0,11.0,-54.5,True,17,4.0,79.25,1.0,4.5,125.0,support,1.0,False,0.05405405405405406,0.25,71,Alto,40.6
A-b11cd0,Company_439,DevTools,US,2023-01-20,ads,Pro,26,True,True,1274,15288,Pro,annual,False,False,False,278,16,1,19.0,0.0,100.0,False,10,4.0,140.75,0.0,4.0,84.0,,0.0,,0.05755395683453238,0.0,4,Baixo,58.2
A-cc1d8d,Company_440,FinTech,US,2024-12-08,other,Pro,5,False,False,1194,14328,Enterprise,annual,False,False,False,618,48,11,11.0,13.0,-15.4,False,16,5.0,99.2,0.0,4.5,147.0,unknown,2.0,False,0.07766990291262135,0.0,20,Baixo,24.6
A-7f4db3,Company_441,FinTech,US,2023-03-05,other,Pro,4,False,False,4776,57312,Enterprise,annual,False,False,True,844,46,6,48.0,58.0,-17.2,False,11,5.0,91.4,1.0,3.25,144.0,support,1.0,False,0.054502369668246446,0.2,40,Médio,39.6
A-db5e9e,Company_442,DevTools,US,2024-11-09,partner,Basic,4,False,False,588,7056,Pro,annual,False,False,False,586,27,7,42.0,0.0,100.0,False,0,2.0,97.5,0.0,5.0,189.0,pricing,1.0,False,0.04607508532423208,0.0,20,Baixo,34.8
A-cc102e,Company_443,HealthTech,US,2024-04-15,partner,Enterprise,13,False,False,247,2964,Basic,annual,True,False,False,394,39,5,32.0,20.0,60.0,False,3,4.0,109.0,0.0,4.333333333333333,75.0,pricing,3.0,False,0.09898477157360407,0.0,20,Baixo,22.5
A-82d8a6,Company_444,Cybersecurity,UK,2024-11-28,ads,Basic,5,False,False,245,2940,Pro,annual,False,False,True,661,38,9,12.0,46.0,-73.9,True,14,5.0,112.0,0.0,3.5,32.0,features,1.0,False,0.057488653555219364,0.0,55,Alto,38.1
A-dec005,Company_445,HealthTech,US,2023-10-13,partner,Pro,21,False,False,10746,128952,Enterprise,annual,False,False,True,475,44,6,22.0,41.0,-46.3,True,4,2.0,152.0,0.0,3.0,456.0,support,1.0,False,0.09263157894736843,0.0,55,Alto,19.9
A-5790f4,Company_446,FinTech,UK,2024-12-22,event,Pro,1,True,False,627,7524,Basic,monthly,False,False,False,321,26,2,7.0,7.0,0.0,False,22,4.0,57.25,1.0,4.0,73.0,competitor,3.0,False,0.08099688473520249,0.25,28,Médio,20.6
A-7c83a1,Company_447,Cybersecurity,US,2024-05-06,partner,Pro,12,False,False,1176,14112,Pro,monthly,False,False,False,632,23,4,51.0,0.0,100.0,False,0,4.0,86.25,0.0,4.0,254.0,unknown,1.0,False,0.03639240506329114,0.0,16,Baixo,26.8
A-297a2d,Company_448,HealthTech,UK,2023-05-05,event,Pro,27,False,False,5373,64476,Enterprise,annual,False,False,False,244,22,6,0.0,11.0,-100.0,True,47,2.0,84.5,0.0,3.0,231.0,,0.0,,0.09016393442622951,0.0,55,Alto,13.3
A-4c56c9,Company_449,FinTech,US,2023-12-20,partner,Enterprise,9,False,True,342,4104,Basic,annual,False,False,False,623,38,7,18.0,34.0,-47.1,True,23,5.0,68.2,0.0,3.75,87.0,budget,1.0,False,0.060995184590690206,0.0,55,Alto,55.6
A-cbbe12,Company_450,Cybersecurity,DE,2023-03-22,partner,Enterprise,40,False,False,7960,95520,Enterprise,monthly,False,False,False,178,10,0,16.0,0.0,100.0,False,29,6.0,74.5,0.0,4.25,104.0,,0.0,,0.056179775280898875,0.0,0,Baixo,23.3
A-4a267b,Company_451,FinTech,US,2024-05-05,other,Pro,25,False,False,0,0,Pro,annual,True,False,False,498,22,7,0.0,38.0,-100.0,True,36,4.0,105.0,0.0,4.333333333333333,236.0,support,1.0,False,0.04417670682730924,0.0,55,Alto,20.2
A-bcbe98,Company_452,Cybersecurity,US,2024-07-29,other,Enterprise,46,False,False,874,10488,Basic,monthly,False,False,False,635,43,12,41.0,40.0,2.5,False,17,7.0,61.57142857142857,1.0,4.0,106.0,competitor,1.0,False,0.06771653543307087,0.14285714285714285,40,Médio,31.6
A-427b69,Company_453,FinTech,US,2024-08-23,other,Basic,17,False,False,323,3876,Basic,monthly,False,False,False,698,36,11,41.0,38.0,7.9,False,4,2.0,109.5,0.0,3.0,239.0,,0.0,,0.05157593123209169,0.0,20,Baixo,41.5
A-0be015,Company_454,FinTech,US,2024-10-15,event,Pro,19,False,False,0,0,Basic,monthly,False,False,False,297,13,3,,,0.0,False,69,7.0,84.85714285714286,1.0,4.2,26.0,unknown,1.0,False,0.04377104377104377,0.14285714285714285,32,Médio,20.3
A-054577,Company_455,EdTech,UK,2024-04-28,ads,Basic,2,False,False,392,4704,Pro,monthly,False,False,False,833,52,10,60.0,40.0,50.0,False,0,1.0,70.0,0.0,4.0,487.0,,0.0,,0.062424969987995196,0.0,20,Baixo,29.2
A-bc87bc,Company_456,FinTech,US,2024-07-17,event,Pro,3,False,False,152,1824,Basic,monthly,False,False,False,394,14,3,41.0,28.0,46.4,False,10,7.0,112.0,0.0,3.75,2.0,,0.0,,0.03553299492385787,0.0,12,Baixo,31.9
A-0f7d77,Company_457,FinTech,IN,2024-10-28,partner,Pro,3,False,False,133,1596,Basic,annual,False,False,False,298,19,1,23.0,28.0,-17.9,False,1,5.0,74.6,0.0,5.0,397.0,competitor,1.0,True,0.06375838926174497,0.0,4,Baixo,25.4
A-e7beab,Company_458,EdTech,DE,2023-10-20,organic,Enterprise,5,False,False,245,2940,Pro,monthly,False,False,True,373,17,2,,,0.0,False,79,6.0,124.66666666666667,0.0,4.0,100.0,features,1.0,False,0.045576407506702415,0.0,8,Baixo,21.9
A-a09355,Company_459,FinTech,US,2024-08-10,organic,Basic,14,False,False,686,8232,Pro,monthly,False,False,False,788,47,8,51.0,40.0,27.5,False,0,5.0,66.6,0.0,4.0,211.0,support,2.0,False,0.05964467005076142,0.0,20,Baixo,35.6
A-31ab9a,Company_460,FinTech,DE,2024-03-03,organic,Pro,3,False,False,2786,33432,Enterprise,monthly,False,False,False,340,23,4,0.0,29.0,-100.0,True,30,7.0,67.71428571428571,0.0,3.5,6.0,competitor,2.0,True,0.06764705882352941,0.0,51,Alto,23.1
A-0158bb,Company_461,FinTech,DE,2024-05-22,partner,Basic,5,False,False,2205,26460,Pro,annual,True,False,False,364,22,3,18.0,7.0,157.1,False,3,1.0,50.0,0.0,3.0,355.0,,0.0,,0.06043956043956044,0.0,12,Baixo,36.5
A-f19b24,Company_462,Cybersecurity,US,2023-01-10,organic,Pro,29,True,False,551,6612,Basic,monthly,False,False,False,119,10,0,0.0,20.0,-100.0,True,58,2.0,74.0,1.0,4.0,344.0,,0.0,,0.08403361344537816,0.5,55,Alto,18.1
A-798a3f,Company_463,DevTools,FR,2023-10-19,other,Enterprise,12,False,True,2587,31044,Enterprise,monthly,False,False,False,352,19,3,0.0,23.0,-100.0,True,30,5.0,45.2,0.0,4.0,62.0,support,1.0,False,0.05397727272727273,0.0,47,Médio,58.0
A-42b791,Company_464,FinTech,AU,2024-05-20,event,Pro,3,False,False,380,4560,Basic,monthly,False,False,False,312,6,2,14.0,11.0,27.3,False,11,3.0,72.0,0.0,4.0,385.0,,0.0,,0.019230769230769232,0.0,8,Baixo,39.3
A-068fc6,Company_465,EdTech,US,2023-07-17,event,Enterprise,35,False,False,6965,83580,Enterprise,monthly,False,False,True,598,29,5,61.0,12.0,408.3,False,2,5.0,121.4,0.0,4.333333333333333,250.0,,0.0,,0.048494983277591976,0.0,20,Baixo,41.9
A-6f50ae,Company_466,FinTech,US,2023-09-21,partner,Pro,19,False,True,3781,45372,Enterprise,monthly,False,False,False,811,48,5,21.0,49.0,-57.1,True,9,5.0,87.4,0.0,4.5,47.0,features,2.0,True,0.059186189889025895,0.0,55,Alto,54.8
A-a2485e,Company_467,FinTech,US,2024-08-04,event,Pro,3,True,False,3383,40596,Enterprise,annual,False,False,False,317,13,5,0.0,24.0,-100.0,True,34,0.0,0.0,0.0,,999.0,,0.0,,0.04100946372239748,0.0,55,Alto,22.9
A-bb1eaa,Company_468,Cybersecurity,US,2024-06-11,organic,Basic,21,False,False,1225,14700,Pro,annual,False,False,False,164,7,2,0.0,20.0,-100.0,True,45,6.0,92.33333333333333,0.0,4.5,110.0,pricing,1.0,False,0.042682926829268296,0.0,43,Médio,19.6
A-cc98bc,Company_469,DevTools,US,2023-05-24,ads,Basic,32,False,False,0,0,Basic,monthly,False,False,False,551,24,3,28.0,17.0,64.7,False,7,3.0,122.33333333333333,0.0,4.0,567.0,,0.0,,0.043557168784029036,0.0,12,Baixo,39.8
A-d77f4c,Company_470,DevTools,US,2023-09-25,partner,Pro,4,True,False,196,2352,Pro,annual,True,False,True,617,32,6,18.0,25.0,-28.0,False,11,2.0,75.0,0.0,4.0,184.0,unknown,3.0,False,0.05186385737439222,0.0,20,Baixo,42.6
A-ccabf0,Company_471,HealthTech,IN,2023-11-06,organic,Pro,1,False,False,0,0,Basic,annual,False,False,True,506,29,8,25.0,31.0,-19.4,False,1,4.0,89.75,0.0,3.6666666666666665,257.0,features,2.0,False,0.05731225296442688,0.0,20,Baixo,41.1
A-700ade,Company_472,Cybersecurity,UK,2024-10-31,organic,Enterprise,1,True,False,950,11400,Basic,monthly,False,False,False,284,18,2,,,0.0,False,80,4.0,53.5,0.0,4.666666666666667,58.0,,0.0,,0.06338028169014084,0.0,8,Baixo,16.5
A-4a4c2d,Company_473,DevTools,US,2023-05-02,event,Enterprise,54,False,False,2646,31752,Pro,monthly,False,False,False,587,37,1,12.0,26.0,-53.8,True,3,5.0,104.0,0.0,4.25,46.0,,0.0,,0.06303236797274275,0.0,39,Médio,36.0
A-b7ef83,Company_474,Cybersecurity,UK,2024-05-29,partner,Pro,1,True,False,588,7056,Pro,monthly,False,False,False,738,39,8,31.0,37.0,-16.2,False,6,2.0,79.0,0.0,4.0,89.0,budget,2.0,True,0.052845528455284556,0.0,20,Baixo,33.3
A-e08cd3,Company_475,FinTech,US,2024-09-21,ads,Pro,67,True,False,1273,15276,Basic,annual,False,True,False,432,21,7,34.0,11.0,209.1,False,1,8.0,93.0,0.0,4.0,5.0,features,2.0,False,0.04861111111111111,0.0,20,Baixo,33.1
A-19b2c8,Company_476,DevTools,IN,2023-06-06,other,Pro,20,False,False,3980,47760,Enterprise,monthly,False,False,False,601,34,4,38.0,36.0,5.6,False,1,3.0,90.0,0.0,4.666666666666667,117.0,pricing,1.0,False,0.056572379367720464,0.0,16,Baixo,47.8
A-970c97,Company_477,HealthTech,DE,2024-03-01,other,Enterprise,14,False,False,931,11172,Pro,annual,False,False,False,444,24,2,30.0,16.0,87.5,False,1,1.0,139.0,0.0,5.0,702.0,,0.0,,0.05405405405405406,0.0,8,Baixo,36.4
A-6dee43,Company_478,FinTech,UK,2023-08-12,other,Basic,3,True,False,0,0,Pro,annual,False,False,False,461,11,2,0.0,6.0,-100.0,True,43,5.0,48.8,0.0,4.333333333333333,54.0,pricing,1.0,False,0.02386117136659436,0.0,43,Médio,23.0
A-5ed98d,Company_479,DevTools,US,2024-06-22,partner,Basic,24,False,False,0,0,Basic,annual,False,False,False,312,18,2,15.0,31.0,-51.6,True,16,5.0,91.8,0.0,5.0,116.0,competitor,2.0,False,0.057692307692307696,0.0,43,Médio,37.8
A-c58f49,Company_480,EdTech,US,2024-07-31,other,Enterprise,70,True,False,13930,167160,Enterprise,annual,False,False,False,363,22,3,11.0,21.0,-47.6,True,22,3.0,60.0,1.0,5.0,104.0,support,3.0,False,0.06060606060606061,0.3333333333333333,67,Alto,26.6
A-9c18c4,Company_481,HealthTech,US,2023-07-27,ads,Pro,11,False,True,2189,26268,Enterprise,monthly,True,False,False,556,37,4,22.0,33.0,-33.3,True,18,4.0,130.25,0.0,4.0,23.0,,0.0,,0.06654676258992806,0.0,51,Alto,53.2
A-cc8c8f,Company_482,DevTools,US,2024-06-16,ads,Enterprise,23,False,False,0,0,Basic,annual,False,True,False,268,18,1,0.0,29.0,-100.0,True,40,2.0,123.0,0.0,3.5,397.0,budget,1.0,False,0.06716417910447761,0.0,39,Médio,23.5
A-5f7781,Company_483,DevTools,US,2024-08-20,other,Pro,22,False,False,1078,12936,Pro,annual,False,False,False,183,10,2,7.0,7.0,0.0,False,6,2.0,42.0,0.0,4.0,139.0,pricing,1.0,False,0.0546448087431694,0.0,8,Baixo,46.7
A-e1b9cd,Company_484,DevTools,US,2023-02-26,event,Pro,40,False,True,1960,23520,Pro,monthly,False,False,False,840,47,9,13.0,23.0,-43.5,True,19,1.0,115.0,0.0,3.0,564.0,unknown,1.0,False,0.055952380952380955,0.0,55,Alto,69.7
A-ac85cd,Company_485,EdTech,US,2024-07-31,partner,Enterprise,53,False,False,4165,49980,Pro,annual,False,False,False,634,29,5,0.0,67.0,-100.0,True,34,3.0,76.33333333333333,0.0,3.5,152.0,pricing,2.0,True,0.04574132492113565,0.0,55,Alto,24.3
A-d792a6,Company_486,DevTools,US,2023-01-23,organic,Enterprise,4,False,False,12935,155220,Enterprise,annual,False,False,False,690,40,7,41.0,8.0,412.5,False,0,5.0,97.8,0.0,4.0,2.0,support,2.0,False,0.057971014492753624,0.0,20,Baixo,22.8
A-ac9111,Company_487,HealthTech,US,2023-08-12,event,Pro,21,True,False,4179,50148,Enterprise,monthly,False,False,False,808,46,10,53.0,27.0,96.3,False,4,3.0,89.66666666666667,0.0,5.0,240.0,budget,1.0,False,0.05693069306930693,0.0,20,Baixo,47.4
A-18793f,Company_488,EdTech,US,2024-12-18,organic,Basic,148,True,False,0,0,Basic,monthly,True,False,False,486,20,4,10.0,11.0,-9.1,False,19,5.0,101.6,0.0,3.8,388.0,support,1.0,False,0.0411522633744856,0.0,16,Baixo,26.6
A-9f0b68,Company_489,EdTech,US,2024-04-28,ads,Basic,10,False,False,0,0,Pro,annual,True,False,False,709,33,12,11.0,11.0,0.0,False,4,3.0,96.33333333333333,0.0,3.0,22.0,pricing,2.0,False,0.0465444287729196,0.0,20,Baixo,42.3
A-d3c88e,Company_490,DevTools,US,2024-10-18,event,Pro,16,False,False,3184,38208,Enterprise,monthly,False,False,False,644,48,11,20.0,32.0,-37.5,True,10,3.0,48.0,0.0,4.0,186.0,support,1.0,False,0.07453416149068323,0.0,55,Alto,30.1
A-ccb686,Company_491,DevTools,US,2024-01-22,other,Basic,10,False,False,209,2508,Basic,annual,False,False,False,721,46,8,92.0,38.0,142.1,False,3,1.0,30.0,0.0,4.0,421.0,competitor,3.0,False,0.0638002773925104,0.0,20,Baixo,26.9
A-118f1c,Company_492,Cybersecurity,US,2024-10-31,other,Pro,32,False,False,6368,76416,Enterprise,annual,False,False,False,369,14,2,,,0.0,False,87,1.0,141.0,0.0,3.0,558.0,budget,1.0,False,0.037940379403794036,0.0,8,Baixo,21.4
A-0e966d,Company_493,FinTech,IN,2024-06-25,ads,Basic,11,False,True,209,2508,Basic,annual,False,False,True,636,34,11,28.0,37.0,-24.3,False,17,3.0,95.33333333333333,1.0,4.5,30.0,,0.0,,0.05345911949685535,0.3333333333333333,40,Médio,63.3
A-b9f5b1,Company_494,Cybersecurity,US,2023-01-24,other,Pro,15,True,False,2985,35820,Enterprise,annual,False,False,False,307,12,3,0.0,25.0,-100.0,True,32,6.0,75.66666666666667,1.0,3.3333333333333335,68.0,features,1.0,False,0.03908794788273615,0.16666666666666666,67,Alto,24.1
A-8ae3fc,Company_495,DevTools,CA,2024-06-28,ads,Pro,9,False,False,380,4560,Basic,monthly,False,False,False,402,30,5,22.0,20.0,10.0,False,7,4.0,65.5,0.0,3.5,248.0,budget,1.0,False,0.07462686567164178,0.0,20,Baixo,33.4
A-55f257,Company_496,FinTech,US,2023-12-21,organic,Basic,9,False,False,4179,50148,Enterprise,monthly,False,False,False,476,25,6,72.0,32.0,125.0,False,0,6.0,114.5,0.0,5.0,172.0,,0.0,,0.052521008403361345,0.0,20,Baixo,37.6
A-d26ab4,Company_497,DevTools,UK,2024-11-07,organic,Basic,9,False,True,6567,78804,Enterprise,monthly,False,False,False,458,24,3,11.0,34.0,-67.6,True,22,2.0,110.0,0.0,4.0,460.0,pricing,1.0,False,0.05240174672489083,0.0,47,Médio,56.6
A-712533,Company_498,EdTech,US,2023-07-31,organic,Pro,18,False,False,882,10584,Pro,monthly,False,False,False,571,35,4,31.0,42.0,-26.2,False,19,5.0,97.2,0.0,3.75,35.0,unknown,1.0,False,0.06129597197898424,0.0,16,Baixo,37.6
A-781cc0,Company_499,EdTech,US,2024-09-04,organic,Pro,12,False,False,228,2736,Basic,annual,False,False,False,864,42,7,35.0,48.0,-27.1,False,1,4.0,106.0,0.0,3.6666666666666665,14.0,budget,2.0,False,0.04861111111111111,0.0,20,Baixo,32.8
